GEOID,NAME,LANDAREA,WATERAREA,NIGHTPOP,POPDEN,DAYPOP,PCTDAYPOP,WORKERS_WORKING,MALE,FEMALE,MEDAGE,MALE_0_TO_5,MALE_5_TO_10,MALE_10_TO_15,MALE_15_TO_18,MALE_18_TO_20,MALE_20,MALE_21,MALE_22_TO_25,MALE_25_TO_30,MALE_30_TO_35,MALE_35_TO_40,MALE_40_TO_45,MALE_45_TO_50,MALE_50_TO_55,MALE_55_TO_60,MALE_60_TO_62,MALE_62_TO_65,MALE_65_TO_67,MALE_67_TO_70,MALE_70_TO_75,MALE_75_TO_80,MALE_80_TO_85,MALE_85_PLUS,FEMALE_0_TO_5,FEMALE_5_TO_10,FEMALE_10_TO_15,FEMALE_15_TO_18,FEMALE_18_TO_20,FEMALE_20,FEMALE_21,FEMALE_22_TO_25,FEMALE_25_TO_30,FEMALE_30_TO_35,FEMALE_35_TO_40,FEMALE_40_TO_45,FEMALE_45_TO_50,FEMALE_50_TO_55,FEMALE_55_TO_60,FEMALE_60_TO_62,FEMALE_62_TO_65,FEMALE_65_TO_67,FEMALE_67_TO_70,FEMALE_70_TO_75,FEMALE_75_TO_80,FEMALE_80_TO_85,FEMALE_85_PLUS,PCTWHITE,PCTBLACK,PCTASIAN,PCTHISPAN,PCTMINOR,PCTNOHIGH,PCTUNIVDEG,PCTBADENG,PCTPUB2WRK,TIME2WORK,WORKERS_LIVE,HHMEDINC,MEDFAMINC,PERCAPINC,PCTPOPPOV,PCTFAMPOV,PCTUNEMP,PCTHUVAC,MEDVALHOME,PCTNOVEH,PCTNOHINS,PCTB2010,PCTB2000,PCTB1990,PCTB1980,PCTB1970,PCTB1960,PCTB1950,PCTB1940,PCTBPRE
48001,"Anderson County, Texas",1062.6168240933935,15.384258923207366,58439,54.99536490950928,57564,0.49622854581347037,19854,35716,22723,39.7,1512,1712,1496,1161,825,268,503,1670,2824,3196,3340,3628,3254,2475,2052,811,943,639,962,980,707,590,168,1439,1485,1513,877,521,170,349,639,1412,1256,1515,1130,1459,1250,1525,561,803,585,840,1339,936,779,340,0.5828299594448912,0.18550967675696026,0.006673625489826999,0.19579390475538597,0.41717004055510876,0.14404595853329866,0.15392798884134376,NA,0.00935886921703893,NA,20729,62068,74229,27075,0.17364884482973164,0.13532569505648587,0.05939582407818747,0.14863425029058505,185300,0.0576824620285568,0.18539045958400796,0.15493025958930648,0.15086206896551724,0.10572452537776056,0.18108291359938009,0.16035451375435877,0.08136381247578459,0.06184618364974816,0.03298140255714839,0.07085432003099573
48003,"Andrews County, Texas",1500.6857367678924,0.4051177071090677,18610,12.40099745339178,17662,0.4869320688134098,7441,9104,9506,33,489,639,1028,459,77,249,112,336,679,761,782,712,465,484,384,229,355,164,109,340,94,133,24,1007,808,840,487,178,144,81,417,525,697,669,561,639,448,365,392,306,84,196,300,99,143,120,0.5768941429339065,0.01601289629231596,0.004030091348737238,0.5753358409457281,0.4231058570660935,0.23323563371525002,0.17683630873079315,NA,0,NA,8389,72242,94598,37340,0.15592594603398666,0.14163787847998374,0.03319548451995082,0.043198657905773805,195700,0.04500292226767972,0.22438786036158315,0.2315112540192926,0.06948133650216692,0.08639731581154761,0.16286872640849992,0.1209282818397875,0.1172934433104991,0.20145393541171536,0.009087096323221026,9.786103732699566e-4
48005,"Angelina County, Texas",797.8654908825832,66.91106445280828,87275,109.38560571589342,86830,0.4987220355532581,36055,42818,44457,37.8,2921,2539,3716,2006,1118,753,651,1372,2729,2681,2941,2230,2453,2699,2796,1180,1462,710,1438,1871,1124,967,461,2735,2996,3159,1998,1205,483,346,1754,2766,2838,2614,2807,2625,2648,2684,1239,1409,1091,1102,2457,1551,1008,942,0.6344084789458608,0.12135204812374678,0.009452878831280435,0.23521054139215125,0.36559152105413917,0.1458720859482294,0.17944126697147228,NA,0.002136986301369863,20.933523571033398,36500,60960,74557,29614,0.15758970727101038,0.11541522950384718,0.06384957643095951,0.12835264565270238,163500,0.06262588701930526,0.17695782249076084,0.1386165356670178,0.1514193879480323,0.1381303514031818,0.17591767279799045,0.14993382491964455,0.1047456986197769,0.07119898441509331,0.03516732841747022,0.03487021581179267
48007,"Aransas County, Texas",252.06869645728088,275.8855593153327,24876,98.6873830412966,23058,0.4810364250844912,8233,12219,12657,49.9,530,533,617,397,29,369,14,380,806,587,891,663,525,670,796,346,653,468,633,896,681,403,332,579,378,790,310,32,6,61,407,892,683,672,746,574,794,1004,519,569,403,672,1002,872,283,409,0.769416304872166,0.01290400385914134,0.013305997748834219,0.2707830840971217,0.23058369512783405,0.07411026537749434,0.2881094425015429,NA,7.959407024176699e-4,NA,10051,69466,82357,46039,0.14242276818292388,0.10665959140355533,0.0408997955010225,0.22007625476592288,265400,0.06435326174066357,0.1281770643317524,0.2768298018626164,0.20026251640727546,0.1092568285517845,0.1756984811550722,0.1184449028064254,0.05631601975123445,0.03206450403150197,0.01337583598974936,0.01775110944434027
48009,"Archer County, Texas",903.2892017260311,22.304241950155753,8867,9.816346728220243,6603,0.42682611506140916,1814,4493,4374,42.8,226,306,289,202,102,60,57,81,253,268,395,213,254,247,290,129,222,110,183,230,185,119,72,192,308,277,165,88,67,10,98,201,231,221,295,253,276,263,142,254,113,283,251,203,96,87,0.8890267283184843,0.014661102966053908,0.00563888575617458,0.09439494755836247,0.11097327168151572,0.080296576747121,0.25366777094178894,NA,0,NA,4078,72159,98889,40274,0.09173478655767484,0.04534313725490196,0.030260380014074596,0.12556732223903178,189100,0.01441753171856978,0.13896148164981253,0.10514372163388805,0.09354513363590519,0.1442259203227433,0.19717599596570853,0.12481089258698941,0.11018658598083711,0.12304589006555723,0.05143721633888049,0.05042864346949067
48011,"Armstrong County, Texas",909.1229704539171,4.704142258574171,1822,2.0041293193706142,1364,0.42812303829252984,418,836,986,43.6,61,12,48,15,17,9,1,72,54,19,29,97,23,32,36,16,66,32,37,64,42,38,16,45,41,123,6,8,0,0,65,70,32,43,68,32,49,80,51,43,34,25,52,47,26,46,0.8990120746432492,0.0060373216245883645,0.015916575192096598,0.11964873765093303,0.10098792535675083,0.054657428791377985,0.27174749807544263,NA,0,NA,876,72750,92188,35686,0.05194805194805195,0.060034305317324184,0.012401352874859075,0.1343115124153499,171500,0.005215123859191656,0.04178430265386787,0.04853273137697517,0.029345372460496615,0.029345372460496615,0.1455981941309255,0.17155756207674944,0.1670428893905192,0.17381489841986456,0.04966139954853273,0.18510158013544017
48013,"Atascosa County, Texas",1219.5422160257112,1.9276625992089538,51008,41.82553037501788,46368,0.4761748274728886,16304,25380,25628,36.1,1717,2068,1895,1304,671,271,591,804,1506,1691,1861,1561,1565,1525,1471,503,861,456,703,1025,705,495,131,1619,1923,1884,1131,716,337,295,1013,1532,1640,1415,1885,1554,1488,1256,810,877,628,636,1126,700,483,680,0.4644761606022585,0.012292189460476787,0.006234316185696361,0.6540738707653702,0.5355238393977415,0.18673136195794807,0.15749641429399738,NA,5.729564553093965e-4,NA,20944,70770,81674,29411,0.15832969128690055,0.13593889656293168,0.04082917397364989,0.12636619131883,174800,0.05099487668295008,0.1945965246369912,0.21203289268241907,0.15681274070989903,0.17726657645466848,0.10242531487457063,0.16066409909441032,0.06958467783907567,0.07400853544290621,0.025346101800770272,0.021859061101280317
48015,"Austin County, Texas",646.4956119487812,9.882753896929252,31170,48.21378432259097,28353,0.47633687818154324,11443,15946,15224,41.1,1050,971,1375,683,499,32,246,394,851,959,911,929,816,959,1172,311,716,294,631,825,571,568,183,700,701,1211,611,206,202,37,770,857,823,830,895,840,1013,959,327,758,455,510,963,898,261,397,0.6662175168431184,0.07901828681424447,0.008245107475136348,0.2778633301251203,0.33378248315688164,0.13792942928963783,0.2507215343077926,NA,7.012622720897616e-5,NA,14260,75789,98618,37650,0.1195398574206092,0.10614334470989761,0.04345218260579807,0.15301347859487394,296900,0.028034300791556728,0.16658587817094847,0.17640896710664153,0.195404707032614,0.15434038689852644,0.15119770933724422,0.0976325162371674,0.06299322578392345,0.05559047419512536,0.03121726377540331,0.07521474963335428
48017,"Bailey County, Texas",826.9718581707715,0.6854375387067431,6913,8.359413844252545,6466,0.48329471559907317,2258,3494,3419,33.3,337,358,252,122,9,50,16,278,250,274,152,350,106,103,64,41,3,126,18,231,226,90,38,159,162,295,171,140,44,28,249,177,323,135,341,193,72,127,100,71,22,43,246,104,56,161,0.7130044843049327,0.008823954867640676,0.007522059887169101,0.660350065094749,0.2869955156950673,0.2566580249823238,0.15201508366721658,NA,0,NA,2705,61420,71744,30881,0.12023721275018533,0.07434052757793765,0,0.1937956204379562,105300,0.10185604345857854,0.28630582667849747,0.042335766423357665,0.07116788321167883,0.0025547445255474453,0.1708029197080292,0.177007299270073,0.24452554744525548,0.2124087591240876,0.06204379562043796,0.017153284671532848
48019,"Bandera County, Texas",790.9935907038952,6.676255642883287,22021,27.839669320713195,17817,0.4472363070435263,5105,10846,11175,53.5,468,468,606,300,168,118,120,207,445,414,522,542,708,664,994,373,461,301,827,851,665,450,174,417,486,669,237,190,136,47,179,475,390,589,509,649,812,1137,322,645,548,559,920,774,296,189,0.7718995504291358,0.012442668362018074,0.00499523182416784,0.20975432541664774,0.22810044957086417,0.07271142109851787,0.27236268526591106,NA,0,41.02492581602374,9309,75813,92398,42036,0.13469971841388542,0.08536184210526315,0.0874306299289261,0.20112214069917997,278400,0.02150189086980011,0.1334704135252456,0.19559775571860163,0.25809236081139403,0.18489425981873112,0.1375053949072076,0.0887354337505395,0.03366422097539922,0.034613724643936125,0.017522658610271902,0.049374190763918864
48021,"Bastrop County, Texas",888.2280732574823,7.339718948504781,106582,119.99395561673909,89911,0.4575786414783224,31708,53980,52602,37,3429,3637,4034,2456,1399,758,762,2043,3386,3506,3617,3503,3190,3398,3495,1329,2106,1611,1489,2176,1365,734,557,3533,3410,4682,2500,1397,415,624,1905,3131,3208,3167,3260,2847,3326,3115,1775,1837,1206,1518,2503,1675,895,673,0.5420145990880261,0.05774896323957141,0.008031374903829915,0.4503762361374341,0.45798540091197393,0.18381275324003563,0.24994971119859766,NA,0.004485417226482565,NA,48379,86226,97358,36637,0.10176661342626205,0.0696629213483146,0.04214098710365558,0.07147534377675918,314800,0.033877617446023654,0.21825932641487597,0.27416511358484863,0.2112778925099481,0.15498917040245808,0.1389966251951846,0.08041605802649474,0.04465320102755251,0.027174734297083565,0.012491814839067144,0.05583539011736262
48023,"Baylor County, Texas",867.4806948912504,33.587427818198385,3485,4.0173804679732825,3450,0.4974765681326604,1360,1768,1717,48.1,83,145,106,87,49,0,0,57,70,73,110,76,97,74,187,56,27,123,29,143,115,29,32,67,87,105,76,0,0,22,45,90,101,59,82,121,121,156,56,50,17,74,133,108,76,71,0.8246771879483501,0.012338593974175036,0,0.13142037302725967,0.1753228120516499,0.13810641627543035,0.2531298904538341,NA,0,NA,1395,45370,59651,30099,0.2178623718887262,0.16037735849056603,0.0449438202247191,0.3013698630136986,103100,0.06993464052287582,0.20585651537335287,0.062100456621004566,0.028310502283105023,0.012328767123287671,0.15388127853881278,0.1552511415525114,0.24429223744292236,0.21506849315068494,0.060730593607305934,0.06803652968036529
48025,"Bee County, Texas",880.23940226750085,0.09513905083730118,31083,35.31198435326804,30340,0.49395177702163684,10120,19540,11543,35.7,846,926,862,602,523,759,541,746,2000,1900,1640,1872,1674,1068,948,322,433,419,313,445,308,160,233,669,683,1097,528,420,98,59,463,717,723,876,683,509,626,785,187,348,317,305,554,355,205,336,0.44155969501013415,0.07277289836888332,0.005018820577164366,0.617958369526751,0.5584403049898659,0.18432811250646725,0.13969239452518697,NA,9.205560158335634e-5,NA,10863,57673,77674,24011,0.1759574644845061,0.117740232312566,0.05208067398519275,0.17305164319248825,111300,0.0591574883615306,0.18849027173466876,0.09793427230046949,0.07333333333333333,0.09821596244131456,0.19558685446009388,0.2095774647887324,0.147981220657277,0.09211267605633802,0.03586854460093897,0.049389671361502345
48027,"Bell County, Texas",1053.8362957666213,36.436629050018766,386897,367.1319744387327,383490,0.49778877369426017,172780,192592,194305,32.3,15342,16058,14218,8555,5760,3681,3631,9106,16318,14979,13845,12360,10292,9749,8932,3856,5201,3517,4201,5430,3248,2413,1900,14408,13117,16226,8324,4956,3172,2047,8844,15054,15066,13557,13253,10993,10131,9435,4193,6091,4103,4645,6406,4592,2491,3201,0.4914822291204119,0.2288903765084764,0.030411194710736965,0.2628942586786664,0.508517770879588,0.09210614235838498,0.2716285518600805,NA,0.0029116790682626984,23.934511988071446,176187,68865,81043,34279,0.14504480548833992,0.11226519799803154,0.06049109716094279,0.08200983111638649,241000,0.052591265240153194,0.13995414411534518,0.24805506457314636,0.19237765936858944,0.13607452037827866,0.14346721025945375,0.1327265220813067,0.06608909933040034,0.043272394173579844,0.018468822975396405,0.019468706859848535
48029,"Bexar County, Texas",1240.3599012813959,15.713641144283294,2067341,1666.7267281570964,2096730,0.503528878350057,1016547,1026235,1041106,34.8,67808,71944,75450,44802,31244,13946,14888,47201,81259,83343,78882,72705,62328,58825,55773,20441,28729,17956,22814,32587,20818,11289,11203,64994,68697,72759,43588,28463,13639,15562,43082,77796,79284,75941,70809,63868,61082,57554,22615,31856,18581,29358,39787,27948,15950,17893,0.42301826355690714,0.07922543982826248,0.033534380636769646,0.5969436101736482,0.5769817364430929,0.13416696682808682,0.31844532689431504,NA,0.015962996804969418,25.7287076541481,987158,72341,87646,36702,0.14615024647909897,0.11161669194570839,0.05631260403757109,0.08509101098954652,262200,0.06397323883830777,0.1596615357700768,0.2140415214795682,0.1722775896098833,0.10654377543312459,0.144382173054899,0.12142961573137748,0.08437949267769683,0.07471916957040864,0.03987913935524745,0.042347523087794534
48031,"Blanco County, Texas",709.2518216300616,4.174994633179768,12446,17.548069134874503,11814,0.4869744435284419,4925,6078,6368,51.5,204,390,215,196,119,0,15,161,415,283,236,423,412,357,434,253,397,139,365,495,284,115,170,276,232,478,191,87,14,11,155,266,325,302,279,357,462,610,325,281,249,246,557,400,147,118,0.8037120359955006,0.010766511328941025,9.641651936365097e-4,0.18608388237184637,0.19628796400449944,0.07503607503607504,0.35405071119356835,NA,0.0016195789094835343,NA,5557,92425,101194,47109,0.08438338346475896,0.07375034143676591,0.05908863294942414,0.15712187958883994,483500,0.022260936895083235,0.14730947163379596,0.24898025779083047,0.21585903083700442,0.17882199379996735,0.09707945831293849,0.0735845978136727,0.02365801925273291,0.054005547397617884,0.048458149779735685,0.05955294501550008
48033,"Borden County, Texas",897.4427958739577,8.60915417368729,713,0.7944796072552551,783,0.5233957219251337,359,317,396,32.2,20,40,20,18,2,0,0,0,40,3,32,15,8,21,14,8,16,6,22,5,13,4,10,39,62,26,26,0,0,0,29,31,27,18,17,15,25,7,4,7,2,22,17,4,9,9,0.9046283309957924,0.005610098176718092,0,0.08415147265077139,0.09537166900420757,0.05568445475638051,0.3689095127610209,NA,0,NA,289,65625,71875,38272,0.07433380084151472,0.08955223880597014,0.0033444816053511705,0.33967391304347827,108900,0.012345679012345678,0.02664796633941094,0.1331521739130435,0.07608695652173914,0.14130434782608695,0.08152173913043478,0.09782608695652174,0.15760869565217392,0.19293478260869565,0.08967391304347826,0.029891304347826088
48035,"Bosque County, Texas",982.9713021836394,19.62886623412927,18687,19.01072794138285,16562,0.46985730091633804,5346,9159,9528,46.2,498,634,468,315,140,128,139,290,416,389,610,497,404,583,522,258,602,286,454,572,484,381,89,443,489,549,486,202,106,129,192,430,478,567,464,465,633,594,260,522,429,395,571,431,378,315,0.7710707978808797,0.01230802161930754,0.004334564135495264,0.19136297961149462,0.22892920211912027,0.1234512946064248,0.20372431189257365,NA,0,28.846952395076375,7471,68914,80728,36803,0.09293680297397769,0.07052992756385817,0.03567864271457086,0.19811724433033803,200900,0.02334578441835646,0.17571031248295796,0.09606332905434317,0.11050492083868207,0.12184424475823706,0.15800171159606333,0.13575096277278562,0.14409499358151476,0.09606332905434317,0.051775780915703895,0.08590072742832691
48037,"Bowie County, Texas",884.9392437339478,37.98689376166994,92115,104.09189179058927,97377,0.513884491165854,43291,46327,45788,38.5,2757,2930,3575,2037,1268,326,909,1659,3281,3419,2541,3509,2765,2891,2528,1416,1444,755,1561,1974,1580,790,412,2605,3211,2894,1893,920,770,590,1346,2873,2858,3336,2465,2695,2650,2844,1257,1488,1099,1792,2208,1589,1245,1160,0.6406991260923846,0.2482331867773978,0.013819681919339955,0.08617489008304836,0.35930087390761545,0.08901882258710453,0.23621946335602723,NA,0.002103657734886534,NA,38029,59803,76662,31241,0.162062337902927,0.11645101663585952,0.04426810400758597,0.12203364373685792,173000,0.06894192113591652,0.13362841062740521,0.12681485931711226,0.10836587563832983,0.1748773405427055,0.16125963752878741,0.15682887754080305,0.11697707019124862,0.0835836587563833,0.029338139581455893,0.041954540903174124
48039,"Brazoria County, Texas",1363.2855241028144,245.36908549383242,391255,286.9941718610172,341928,0.46636105856245985,130898,197301,193954,36.7,12602,14844,14712,9199,5024,2329,2459,7173,12416,14242,15089,15607,13535,12921,11645,4062,6269,3492,5418,6374,3885,2698,1306,11937,14038,14004,8734,4516,2198,2122,6799,11836,13939,15927,13596,12968,12216,11683,4108,6282,3945,5536,6833,4589,2664,3484,0.4773740910659289,0.16188419317325017,0.07431470524338347,0.31605219102631277,0.5226259089340711,0.10805793514203392,0.33135575193858413,NA,0.0018365931474545708,NA,180225,97993,114938,42527,0.07386760873710303,0.05503621990441552,0.04671711943018055,0.109252865534423,301600,0.03142690704864897,0.12720884489705275,0.2407181963930522,0.20883974960251728,0.136141989475855,0.12493264414153711,0.13843707798644234,0.07459370280932139,0.04532966119171639,0.019072518144504096,0.011934460255054184
48041,"Brazos County, Texas",586.1382126094793,5.100507801580548,242311,413.40249584007626,248474,0.5062787167496969,122349,122218,120093,26.8,6740,7470,6304,4212,9874,7141,5846,10973,9664,8285,8108,6213,5469,5168,4928,1843,2776,1862,2232,3052,1740,1169,1149,6564,6953,6523,4019,9835,5642,6121,9023,8933,8042,7159,6743,5542,5357,5101,2047,2981,1901,2419,3626,1976,1630,1956,0.6323980339316003,0.10498491607892337,0.05978267598251833,0.2740734015376933,0.3676019660683997,0.11200037188834053,0.4300888658180381,NA,0.017454770798547157,18.609184106062358,116186,58553,90901,34320,0.24266464055062684,0.12186416068403647,0.04712079781244973,0.09659214885049491,296000,0.059975627696597755,0.12208739390128891,0.26500109098843555,0.19189494773173585,0.14194751353817467,0.1706107551623589,0.12128815980005157,0.04293535397615694,0.0318370261638863,0.020153531827108086,0.014331620812092119
48043,"Brewster County, Texas",6183.763301992133,8.517806646208399,9503,1.5367664536801653,8896,0.48350453829012446,4046,4751,4752,40.9,193,185,285,53,123,32,7,230,407,537,332,185,215,246,204,165,154,295,202,255,110,195,141,194,298,311,69,86,76,77,70,371,482,287,246,197,239,214,138,80,187,237,440,276,95,82,0.6889403346311691,0.005892875933915606,0.018625697148268967,0.4207092497106177,0.3110596653688309,0.10784585528139728,0.4546714721375104,NA,0,14.264774313634248,4653,56212,76000,38712,0.08927190365705447,0.04026354319180088,0.03037237362180154,0.16325840797701538,227000,0.0573621490607958,0.15369134625569325,0.1487240155484198,0.13131654554672975,0.08500929525097177,0.12168328544870712,0.14534392428595572,0.1324995774885922,0.07740408991042758,0.0704749028223762,0.08754436369781984
48045,"Briscoe County, Texas",900.0007231693737,1.5709173169914301,1301,1.4455543940214826,1195,0.47876602564102566,438,680,621,49.2,69,26,27,23,0,1,9,15,33,63,8,58,33,70,44,35,26,18,13,46,26,24,13,13,61,26,25,10,7,0,11,23,25,48,43,19,43,36,19,32,23,29,53,32,28,15,0.8370484242890085,0.06072252113758647,0,0.2605687932359723,0.1629515757109915,0.17280163599182005,0.2310838445807771,NA,0,NA,544,45417,64643,42063,0.16795665634674922,0.14035087719298245,0.010238907849829351,0.3486454652532391,90300,0.014466546112115732,0.19830899308224442,0.024734982332155476,0.048292108362779744,0.007067137809187279,0.08716136631330977,0.2226148409893993,0.16725559481743227,0.22732626619552415,0.08362779740871613,0.13191990577149587
48047,"Brooks County, Texas",943.3545692103593,0.2863437977318814,6943,7.35990498865308,6865,0.497175550405562,2410,3531,3412,38.5,48,446,116,155,23,73,0,380,122,252,502,49,183,153,135,59,213,62,37,214,153,51,105,126,431,105,25,0,31,0,20,229,303,286,129,360,43,205,111,133,141,132,197,259,126,20,0.24081809016275385,0.005761198329252484,0,0.9010514186950885,0.7591819098372461,0.2040692989524577,0.16962127316680098,NA,0,17.547649301143583,2488,47764,64250,31217,0.19401852132989222,0.1337708228167592,0.199438202247191,0.2335221421215242,81000,0.24756466241182398,0.213768115942029,0.11791967044284243,0.08290422245108137,0.04943357363542739,0.14881565396498456,0.10607621009268794,0.08419155509783728,0.18202883625128732,0.21138002059732236,0.01725025746652935
48049,"Brown County, Texas",944.45235035838,12.500260232865944,38347,40.602366001258744,38762,0.5026909958629991,16983,19082,19265,41.8,997,1079,1168,742,554,87,318,819,1133,1140,1349,1125,1088,1199,1070,592,961,562,592,1021,650,400,436,949,854,1233,797,528,273,204,639,972,1155,1345,1025,1095,1176,1262,543,814,580,842,1045,754,433,747,0.7476464912509453,0.03671734425118001,0.0059457063134013095,0.22471118992359246,0.2523535087490547,0.11739098354607835,0.20168966280528297,NA,0.009053597295992274,18.932868904369855,16568,57470,71901,31180,0.15317705626521513,0.12994468218348815,0.05255179383527034,0.22207211888184558,158900,0.0653887256211595,0.15470888113764422,0.08271848695832901,0.09321417437389587,0.10511275070144446,0.1705808999272576,0.1961446534344799,0.1079704873739998,0.09576015795489971,0.09446118674010184,0.05403720253559181
48051,"Burleson County, Texas",659.0823644742756,17.777508621661568,18857,28.61099160958661,16638,0.4687420763487815,5913,9183,9674,44.1,421,469,830,212,268,118,39,211,473,417,496,833,472,598,755,232,364,294,349,664,344,200,124,510,611,646,439,128,35,12,349,511,560,610,508,541,690,700,156,473,363,415,636,333,303,145,0.6963461844407912,0.10616747096568914,0.00954552686005197,0.22675929363101235,0.3036538155592088,0.137104506232023,0.2346780736042481,NA,0,29.57767614692011,8132,70000,86934,38034,0.12691689008042895,0.09023292229399099,0.049573621375781696,0.17527925670738073,191000,0.039746835443037976,0.1258373975025457,0.21139993736298152,0.13665309531266312,0.16849357970560602,0.1911473013884539,0.10105438981104499,0.06159306816995511,0.05292828061384278,0.03841737133312454,0.03831297630232801
48053,"Burnet County, Texas",994.8359432553356,26.937915542465834,52652,52.925309300456476,49880,0.48648226895018143,21508,26015,26637,44.1,1408,1553,1569,990,567,186,188,1026,1427,1486,1367,1605,1365,1551,1813,877,1128,744,1130,1693,1346,540,456,1251,1225,1781,998,498,368,112,915,1419,1460,1991,1357,1171,1517,1887,826,1344,758,1155,1926,1289,700,689,0.7930373015270076,0.012459165843652663,0.0071602218339284355,0.2339512269239535,0.20696269847299242,0.10921429886629666,0.2853986374516664,NA,0.0019769357495881385,29.401540729468827,24280,78732,91938,44029,0.0796339828648029,0.05686482192506289,0.026263102108114476,0.1794560751320681,344000,0.03734083647288855,0.18925192966165633,0.20888280180003913,0.23924867931911564,0.15636861670905888,0.11985912737233419,0.14846409704558794,0.06311876345137937,0.03103110937194287,0.013030718059088241,0.01999608687145373
48055,"Caldwell County, Texas",544.5411901522324,1.9111551868193983,48669,89.37615901268012,39266,0.4465343719793029,12106,24553,24116,38.4,1550,1244,1882,1130,835,401,413,986,1702,1705,1579,1841,1405,1480,1394,650,955,600,748,918,563,345,227,1510,1517,1421,1018,564,282,495,830,1671,1558,1524,1838,1447,1523,1388,838,647,631,797,884,685,568,480,0.4706897614497935,0.04873738930325258,0.007602375228584931,0.5697261090221701,0.5293102385502064,0.17980424043447576,0.19342763339572275,NA,0.001813194476730671,NA,21509,69758,81786,31050,0.1318159348335375,0.07549795598851874,0.034117286383742826,0.05317938801046525,240500,0.035862317534690935,0.21446629815314736,0.1908770333295416,0.18598566715959505,0.13792515072232966,0.14418154931179616,0.11250142190877033,0.06449778182231829,0.05266750085314526,0.03725400978273234,0.07410988510977136
48057,"Calhoun County, Texas",506.93179273417485,525.7339115084703,19868,39.1926493559231,25162,0.5587830335332001,14933,10346,9522,41.4,687,700,581,503,92,121,97,562,611,626,746,428,719,542,760,256,391,271,367,432,313,327,214,476,546,666,348,61,50,73,459,664,521,432,611,576,705,658,503,282,192,316,464,313,114,492,0.5553654117173344,0.02602174350714717,0.0414737265955305,0.4943124622508556,0.44463458828266555,0.1464682940921566,0.20056333959266215,NA,0,NA,9639,79959,92388,44362,0.07663675300836223,0.057692307692307696,0.07374015374394989,0.1996676820825256,171200,0.05132641291810842,0.06830461820776837,0.12452690852026216,0.11557278685498015,0.0808640265854334,0.14908151020031385,0.1638511954213976,0.1548047632234838,0.16089725837718083,0.040339702760084924,0.010061848056863288
48059,"Callahan County, Texas",899.3722144658585,1.8914307711078198,14241,15.834378437472408,11099,0.43800315706393056,3261,7012,7229,44.1,396,357,565,281,252,30,9,250,335,412,418,385,514,393,352,280,364,74,230,571,302,103,139,361,371,460,311,357,2,50,171,300,386,346,581,378,413,584,270,322,182,327,424,200,208,225,0.8346323994101538,0.01158626500947967,0.005758022610771715,0.11221122112211221,0.16536760058984623,0.07805949291275703,0.2399680574965063,NA,0,26.491665234576388,6403,72436,86802,35002,0.09609908883826879,0.06239412761151891,0.04703655162370759,0.1988071570576541,145500,0.026531780874212638,0.15478802463019323,0.12035479431105674,0.1364122954580211,0.0775347912524851,0.1209665086404649,0.16302186878727634,0.0709588622113473,0.12417800886985778,0.06530050466432176,0.12127236580516898
48061,"Cameron County, Texas",891.7210350009344,387.96539095934037,426120,477.8624516798053,419580,0.4961333806314296,165665,210378,215742,32.7,15370,17970,17698,11476,7136,3761,3127,10313,15074,13491,11335,13719,12394,11229,9720,3958,5655,3276,5001,7457,5342,3238,2638,14897,16008,17928,10809,6669,3580,3350,8668,13814,13025,12128,12797,13070,12658,11228,4641,6505,4220,5671,8979,7008,3935,4154,0.3541044776119403,0.0060147376325917585,0.008126818736506149,0.8929972777621328,0.6458955223880597,0.2745453838980417,0.22077634442026733,NA,0.004262361720042972,NA,172205,52601,60288,24089,0.2482613162392353,0.21251363923505426,0.0590455109863413,0.13305444047119533,136500,0.06614752262827504,0.2581824446794049,0.1640228207841983,0.21421727340476832,0.15880610474764997,0.16521897055968537,0.1449846254047182,0.05690165895327501,0.051290401367744036,0.023315526775593533,0.02124261800236725
48063,"Camp County, Texas",195.84737998786096,7.385893293714102,12798,65.3468021925708,11195,0.46659442337348395,3757,6340,6458,38.2,484,545,439,331,277,84,54,90,408,214,513,353,227,341,446,181,211,176,116,445,159,203,43,373,427,522,238,198,125,94,188,377,331,349,494,376,328,281,234,264,115,285,343,221,224,71,0.5910298484138147,0.1564306922956712,0.01351773714642913,0.27379278012189406,0.4089701515861853,0.1499579781486373,0.22247568735742587,NA,0,22.788027880278804,5360,58843,76071,31162,0.19918283963227784,0.13679808841099164,0.05680041688379364,0.17290521978021978,173100,0.0668465850114179,0.19501846468138603,0.09512362637362637,0.13255494505494506,0.1820054945054945,0.171875,0.21497252747252749,0.08619505494505494,0.07864010989010989,0.025583791208791208,0.01304945054945055
48065,"Carson County, Texas",920.234852825573,3.871293612171176,5801,6.303825574730278,6406,0.5247808634390104,3536,2874,2927,41,137,144,237,126,117,62,39,43,192,131,133,222,168,158,108,93,165,157,94,151,92,72,33,120,168,234,182,112,50,5,99,123,147,155,254,147,186,144,89,115,71,126,135,109,67,89,0.9027753835545596,0.0068953628684709535,0.0027581451473883815,0.10946388553697638,0.09722461644544045,0.06214977075904228,0.26362710137544576,NA,0,NA,2931,85231,113185,42049,0.0744177902293819,0.036036036036036036,0.011788480970023578,0.18398576512455517,143000,0.040558220671609246,0.11678832116788321,0.02099644128113879,0.06192170818505338,0.07366548042704626,0.08185053380782918,0.15088967971530248,0.100355871886121,0.19608540925266904,0.0804270462633452,0.23380782918149468
48067,"Cass County, Texas",936.9473302579008,23.357364204004035,28568,30.490507926562394,26006,0.47652728405467804,8368,13939,14629,44.4,796,956,1012,597,386,175,180,346,571,912,606,836,729,915,765,443,763,431,415,908,726,288,183,883,666,957,546,214,17,267,336,994,734,897,625,946,982,895,372,817,448,581,852,590,525,485,0.7641767012041445,0.16241949033884065,0.007350882105852702,0.054186502380285634,0.2358232987958555,0.12098448156568152,0.18908767421172284,NA,0,25.678529526789205,10930,53813,67111,29660,0.17516771376850176,0.11654713114754098,0.06388415672913117,0.1563638962338312,146400,0.060144006776789494,0.1354472984942427,0.12820696062316872,0.10062173944114915,0.13413849782033874,0.14414350032158937,0.2233974129922104,0.07718144786679054,0.09011648681483599,0.043378832273279495,0.058815121846637605
48069,"Castro County, Texas",894.4444507078797,4.8484448576595724,7344,8.210683172317548,7315,0.4990108465788935,3289,3752,3592,34.5,294,240,384,167,247,16,39,39,222,231,309,70,189,251,172,66,163,156,124,103,164,76,30,305,209,338,198,60,71,29,240,235,163,292,132,218,116,151,39,73,59,293,108,98,135,30,0.4084967320261438,0.011710239651416121,0.008986928104575163,0.6559095860566448,0.5915032679738562,0.25783348254252464,0.1859892569382274,NA,0.007233273056057866,NA,3318,56776,57917,26462,0.19190942979428413,0.18248945147679324,0.03731343283582089,0.20205026455026456,95000,0.01699129714048902,0.2215154867256637,0.05787037037037037,0.052248677248677246,0.09986772486772487,0.09623015873015874,0.11673280423280423,0.1960978835978836,0.25033068783068785,0.05588624338624339,0.07473544973544974
48071,"Chambers County, Texas",597.2123318718079,273.93538193999353,51498,86.23063733227478,50980,0.49747262827143385,22461,25831,25667,35.1,1831,1886,2273,1191,848,186,230,1281,1360,1907,1440,2322,1864,1459,1413,669,654,230,963,870,620,202,132,1585,2006,2259,1095,514,195,486,980,2015,1571,1941,2012,1524,1708,1085,332,885,602,559,1053,601,419,240,0.6802400093207503,0.0815177288438386,0.01512680104081712,0.26480640024855334,0.31975999067924965,0.1137449467107681,0.21934337865980644,NA,0,NA,22979,109804,117293,42258,0.11850836840559852,0.10146717024985473,0.07232027550581145,0.090193800496382745,329500,0.0337222125486099,0.15948014327376642,0.36035274858742145,0.2161377198077837,0.13254475365686222,0.09325658763267677,0.0823784126313566,0.04435760680149971,0.04562496699582827,0.0073929344669166185,0.017954269419654643
48073,"Cherokee County, Texas",1052.9538685121322,9.218877075878344,51886,49.27661272883406,47705,0.47900914741291883,15703,26389,25497,38.2,1735,1856,1948,1073,577,346,442,909,1800,1635,1940,1416,1594,1630,1435,804,827,601,948,1163,862,483,365,1712,1789,1779,1159,472,221,155,1034,1589,1423,1590,1626,1286,1462,1117,865,1113,625,843,1490,943,636,568,0.6508692132752573,0.12847396214778553,0.00445206799522029,0.23940947461743053,0.34913078672474274,0.18016667147264914,0.18939415784768882,NA,0,26.860379286849874,19884,61261,68910,28734,0.18156981163082106,0.1452214104666766,0.05204616026324327,0.1362276160167197,169300,0.06521858674731922,0.1993858122632818,0.13466014344748967,0.1770769011542298,0.12962523155844774,0.1794043604236926,0.12691777893886858,0.06873129720229897,0.0723412340284045,0.04194176601909467,0.06930128722747352
48075,"Childress County, Texas",696.5108054554693,17.204965814513425,6743,9.681113267999555,6576,0.49373076056761017,2359,3992,2751,35.9,120,217,92,179,47,36,87,220,506,572,395,160,324,130,243,39,58,55,89,124,195,40,64,195,244,240,77,42,84,0,93,111,93,143,302,250,89,113,15,73,36,70,261,52,82,86,0.6390330713332345,0.06732908201097434,0.0019279252558208513,0.31929408275248405,0.3609669286667655,0.20587002096436058,0.11844863731656184,NA,0,NA,2526,58654,75625,28635,0.15345509320278666,0.14421553090332806,0.005462348809988295,0.33694083694083693,125400,0.046789989118607184,0.14196949726981736,0.06240981240981241,0.11363636363636363,0.05483405483405483,0.09595959595959595,0.09776334776334776,0.1111111111111111,0.11183261183261184,0.08405483405483405,0.2683982683982684
48077,"Clay County, Texas",1088.7593776496262,27.994311942758035,10495,9.639411807093888,7420,0.41417806307563493,2013,5248,5247,47.5,239,272,325,216,116,69,44,131,273,251,331,308,298,318,385,190,285,183,237,297,152,212,116,229,246,336,175,78,46,51,167,225,298,284,266,322,327,560,90,289,244,182,324,200,218,90,0.8981419723677941,0.009909480705097666,0.00800381133873273,0.0710814673654121,0.10185802763220586,0.05531914893617021,0.22359767891682786,NA,0,28.767732373491423,5088,80114,101727,40172,0.08385542168674699,0.05454545454545454,0.01951779563719862,0.1692814255277939,171500,0.0240149218932152,0.17627835447904652,0.12279682355219833,0.09083865969397636,0.12202208018593841,0.13519271741235717,0.19407321324811155,0.0980050358318807,0.10981987216734457,0.046097230292465624,0.0811543676157273
48079,"Cochran County, Texas",775.0822899565558,0.0884436530207862,2550,3.2899732493474083,2467,0.4917281243771178,979,1322,1228,37.1,95,59,131,90,32,19,24,60,46,64,119,133,53,71,48,54,54,8,35,59,29,10,29,102,87,84,66,36,5,6,63,44,92,73,100,45,91,54,36,46,19,37,59,25,36,22,0.42705882352941177,0.049019607843137254,3.92156862745098e-4,0.6023529411764705,0.5729411764705883,0.33940917661847897,0.08233815210559396,NA,0,23.983218163869694,1062,45313,54098,22752,0.27764127764127766,0.23186119873817035,0.04808548530721282,0.27287066246056785,53200,0.05422993492407809,0.2723177723177723,0.028391167192429023,0.06782334384858044,0.08990536277602523,0.12066246056782334,0.20977917981072555,0.18138801261829654,0.2058359621451104,0.09227129337539432,0.003943217665615142
48081,"Coke County, Texas",911.6463852342173,16.34441240654397,3353,3.6779611637889156,2796,0.45470808261505935,772,1689,1664,47.4,98,82,143,95,32,0,0,16,85,97,103,79,93,83,132,66,68,49,52,136,61,76,43,53,83,115,44,9,50,0,69,58,94,94,107,66,82,58,93,100,50,105,74,98,48,114,0.8428273188189681,0.012526096033402923,0.0023859230539815092,0.21055770951386818,0.1571726811810319,0.11810064935064934,0.2297077922077922,NA,0,25.226032735775526,1329,43333,54740,30236,0.228544776119403,0.17793964620187305,0.05578800557880056,0.25652985074626866,117900,0.03638644918444166,0.11162935323383084,0.048507462686567165,0.025652985074626867,0.11753731343283583,0.20569029850746268,0.17863805970149255,0.13899253731343283,0.14832089552238806,0.06856343283582089,0.06809701492537314
48083,"Coleman County, Texas",1262.9144343525916,18.518751052128426,7833,6.202320431958191,7029,0.47295115058538556,2297,3921,3912,48.7,178,143,341,181,162,71,14,86,99,98,241,212,165,301,271,189,191,113,225,205,178,130,127,226,163,240,139,83,51,48,13,281,150,284,164,182,224,235,110,244,102,197,306,292,107,71,0.7768415677262862,0.04595940252776714,0.005617260308949317,0.16558151410698327,0.2231584322737138,0.13066385669125394,0.16824727783631893,NA,3.224766204450177e-4,NA,3101,49159,65609,30787,0.1964216758913631,0.1502323180175529,0.07672112018669779,0.3176158399673403,92500,0.0843553694286569,0.21336925840390045,0.06776893243519086,0.09961216574811185,0.06286997346397225,0.10981833027148398,0.11594202898550725,0.11737089201877934,0.16452337211675852,0.14737701571749337,0.1147172892427026
48085,"Collin County, Texas",841.3648379838054,44.49999305016085,1163337,1382.6784142628883,1146357,0.49632418839898274,591284,578956,584381,37.3,34448,41266,43377,27609,17177,6988,6278,21473,36101,39306,42783,49239,44743,42050,36312,13723,15674,9004,12062,16973,10996,6484,4890,32886,38873,42762,26363,14938,6217,5916,21666,36076,40508,47402,46639,44223,40770,34856,12375,17606,9368,14482,20331,13277,9434,7413,0.534619804923251,0.10975667411936524,0.1880289202526869,0.16087341845054356,0.465380195076749,0.05357115210940524,0.5621674622629338,NA,0.004374745176436547,28.171592992762935,608264,121600,145862,57056,0.062345589177988686,0.04672425064881035,0.041646124583779816,0.047439848558285855,475600,0.03233440378642781,0.09517544124536581,0.325318475706225,0.2495747560562968,0.1935248607669023,0.1279504156416611,0.06393977082552195,0.020356839111468784,0.008978134230765714,0.00495660682768018,0.00540014083347813
48087,"Collingsworth County, Texas",918.4407059028845,0.8798121844579975,2588,2.817819357707839,2457,0.48701684836471754,1053,1278,1310,40.4,135,106,135,40,26,0,3,2,53,22,78,96,86,51,32,43,27,120,69,73,47,22,12,59,87,107,52,45,0,14,42,71,107,81,31,74,62,79,88,26,46,39,93,29,21,57,0.5726429675425039,0.044435857805255025,0,0.3261205564142195,0.4273570324574961,0.2518731988472622,0.2559077809798271,NA,0,14.433179723502304,1184,61280,76111,32344,0.2175632911392405,0.21428571428571427,0.011146496815286623,0.34431741761936785,104000,0.019487179487179488,0.22108172127911568,0.04505716207128446,0.01882985877605918,0.03833221250840619,0.04572965702757229,0.1452589105581708,0.22663080026899798,0.12239408204438466,0.08271687962340282,0.2750504371217216
48089,"Colorado County, Texas",960.291211387852,13.394335031668101,21006,21.87461444080205,20343,0.4919828774577378,8446,10730,10276,43.3,798,729,730,452,194,112,264,388,486,572,673,426,570,597,600,298,582,206,504,668,390,173,318,590,472,808,320,187,202,130,122,564,595,507,518,481,706,494,523,406,337,517,551,284,506,456,0.5965914500618871,0.10278015805008094,0.006712367894887175,0.30510330381795675,0.4034085499381129,0.10408050730631375,0.2293217535153019,NA,0,25.650439407955595,9109,66377,88095,36990,0.10675275498810621,0.05454206999255398,0.028755682418860343,0.21431399722827163,209800,0.04674310192768048,0.12580019398642095,0.11750148485448426,0.14304098198376558,0.14254603048901207,0.13878439912888538,0.0943377549000198,0.0805781033458721,0.10770144525836468,0.06137398534943576,0.11413581469016036
48091,"Comal County, Texas",559.5369005570682,15.345307005283422,183826,328.5323985191773,184895,0.5014496055282992,88850,91547,92279,41.8,4881,6416,5602,3823,2058,754,938,3283,5039,5561,5689,6725,5915,6059,6056,2575,3977,2449,3333,4752,2819,1628,1215,4822,5491,5996,3612,1839,530,712,3384,5047,5321,6625,5720,5801,5933,6375,2590,4291,2258,3848,5100,3461,1900,1623,0.7113411595748154,0.02650332379532819,0.01603146453711662,0.2841382611817697,0.28865884042518464,0.05221883795350272,0.43346570536299495,NA,4.442874881808136e-4,30.85562921332567,87781,101889,121014,52350,0.06479515997213584,0.04279124546079105,0.03920680131192819,0.08474750195610625,427200,0.02235333688370659,0.10495558030937395,0.39118277087261577,0.2038968202049743,0.12227908826207975,0.11043983530226652,0.08046330857736561,0.033388489116353046,0.02190839009248214,0.01164684906555842,0.024794448506304433
48093,"Comanche County, Texas",937.7529648786018,9.930349098142539,13950,14.875986024534637,12870,0.4798657718120805,5207,6980,6970,44.2,320,602,328,321,202,82,163,121,403,337,301,407,352,444,543,119,351,220,284,441,340,136,163,443,423,430,319,133,34,91,235,309,193,520,351,504,335,529,163,204,221,359,435,362,175,202,0.6972759856630825,0.004301075268817204,0.0033691756272401434,0.2946236559139785,0.30272401433691754,0.15057198804493455,0.21364526435123157,NA,0,20.102594539596407,6287,59635,78815,31302,0.16162570888468808,0.12408759124087591,0.062066932035972286,0.22838616714697407,155600,0.05172735760971055,0.20682905611135277,0.10994236311239193,0.11959654178674352,0.08760806916426513,0.14481268011527376,0.11253602305475505,0.09481268011527377,0.08256484149855908,0.10835734870317003,0.13976945244956773
48095,"Concho County, Texas",983.7551390199492,9.93827963681685,3328,3.3829556441407447,3829,0.5350006986167388,1789,2148,1180,43,60,51,43,43,95,28,5,50,145,260,197,236,180,168,185,54,17,61,50,74,41,43,62,37,34,69,53,49,0,3,33,76,77,32,48,86,92,89,41,33,26,49,106,21,26,100,0.6754807692307693,0.047475961538461536,0.016826923076923076,0.3191105769230769,0.3245192307692307,0.1708411214953271,0.1405607476635514,NA,0,NA,1288,65795,74663,23663,0.11394971613949716,0.10597302504816955,0.01529051987767584,0.4243281471004243,107400,0.045454545454545456,0.17396593673965938,0.05799151343705799,0.09264497878359264,0.11103253182461104,0.14992927864214992,0.12942008486562942,0.09335219236209336,0.07142857142857142,0.09971711456859972,0.19448373408769448
48097,"Cooke County, Texas",874.826403828898,23.67552552367038,43046,49.20519066594051,40916,0.4873156904313856,18317,21561,21485,40.5,1216,1146,1708,1046,645,237,289,882,1245,1266,1267,1268,1176,1381,1353,839,817,712,515,1155,633,384,381,1419,1582,1113,757,619,187,332,748,1122,1329,1092,1356,1174,1305,1305,623,1066,529,878,1048,755,648,498,0.772499186916322,0.03201226594805557,0.007271291176880547,0.20905542907587232,0.22750081308367798,0.11449175824175824,0.23653846153846153,NA,0.0027387880862718246,NA,20447,73932,94291,38914,0.13530341265536192,0.09785244198129546,0.044796691936595454,0.07891217119928667,240400,0.038601161665053244,0.16125317288709223,0.15152697280427999,0.1537561301827909,0.12394115024520731,0.10828131966116808,0.1676326348640214,0.09557512260365582,0.08259028087382969,0.05656486847971467,0.06013152028533215
48099,"Coryell County, Texas",1052.2471301025332,4.568995686466501,84748,80.54001534006747,75667,0.47169529034067886,26113,42710,42038,32.8,2765,2833,2672,1395,1682,1136,1307,3106,3779,3853,3090,3301,2272,2003,1863,618,860,500,1102,1053,780,518,222,2622,2674,2793,1304,875,428,554,2207,3867,3819,3434,3243,2621,2192,2016,755,1188,884,979,1318,1126,723,416,0.5861141265870581,0.14349601170529097,0.01964648133289281,0.20719073016472364,0.4138858734129419,0.08938321536905966,0.19349204890155344,NA,0.002642495879979542,24.400319233838786,35194,71301,80659,30066,0.11175003667302333,0.0745383969785984,0.0505520046484602,0.08559230143670371,195300,0.055917883346920626,0.10612641713577846,0.16796557332610462,0.15756302521008403,0.1377066955814584,0.14417863919761453,0.18839793982108974,0.08823529411764706,0.0683111954459203,0.021719978313906207,0.025921658986175114
48101,"Cottle County, Texas",900.5635284796687,1.0517411663683385,1368,1.5190488585624355,1252,0.4778625954198473,446,663,705,46.4,49,26,33,17,55,81,23,0,0,0,17,30,27,28,57,53,15,19,46,57,27,0,3,39,37,38,11,26,0,2,10,34,12,77,58,20,54,26,37,59,6,60,34,20,35,10,0.5073099415204678,0.023391812865497075,0,0.4195906432748538,0.4926900584795322,0.19543973941368079,0.21064060803474485,NA,0.008896797153024912,NA,562,59063,68276,32542,0.17094644167278064,0.18556701030927836,0.1259600614439324,0.3795698924731183,59300,0.02772963604852686,0.11151870873074102,0.05913978494623656,0.03978494623655914,0.04838709677419355,0.07204301075268817,0.16774193548387098,0.11290322580645161,0.22043010752688172,0.06129032258064516,0.21827956989247313
48103,"Crane County, Texas",785.0691528300517,0.6548215667408498,4610,5.8720941758845955,4891,0.514787917061362,2006,2418,2192,35,228,76,276,179,75,0,108,87,135,46,73,369,140,81,146,32,40,43,121,81,41,29,12,119,109,323,53,16,53,56,60,64,241,144,117,95,193,58,52,47,38,6,149,64,85,50,0.40108459869848156,0.031453362255965296,0.015618221258134491,0.6891540130151844,0.5989154013015184,0.27757879656160456,0.12607449856733524,NA,0,NA,1725,62212,65250,29133,0.10889088459811405,0.07547169811320754,0.04567969179966978,0.11304347826086956,129400,0.11825980392156862,0.1855486173059768,0.0907608695652174,0.10652173913043478,0.058695652173913045,0.1967391304347826,0.17173913043478262,0.0891304347826087,0.21304347826086956,0.06358695652173912,0.009782608695652175
48105,"Crockett County, Texas",2807.323841268763,0.02059044289008289,2822,1.005227811097349,2877,0.5048254079663099,1408,1614,1208,42.6,29,368,0,101,0,0,5,0,3,316,18,4,120,167,162,0,47,14,51,181,6,22,0,7,70,47,124,0,0,0,1,131,62,22,167,198,0,34,31,51,0,21,174,60,8,0,0.32955350815024803,0.0024805102763997165,0,0.6683203401842664,0.6704464918497519,0.38164251207729466,0.1067632850241546,NA,0,NA,1353,81022,112722,32927,0.09324177809902422,0.01824817518248175,0.030107526881720432,0.291497975708502,NA,0,0.022768341163715216,0.23250433776749566,0,0.18218623481781376,0.03470213996529786,0.11451706188548294,0.14227877385772122,0.06882591093117409,0.15384615384615385,0.07113938692886061
48107,"Crosby County, Texas",900.198550726876,1.4955887826507304,5041,5.599875711785566,4029,0.4442116868798236,1134,2575,2466,38.5,165,174,206,141,15,28,53,153,99,231,149,206,91,121,98,59,130,63,83,152,95,25,38,136,207,128,130,60,74,45,31,132,124,148,149,135,144,148,54,110,57,112,107,106,74,55,0.6584011108906963,0.03471533425907558,0.006943066851815116,0.562785161674271,0.3415988891093037,0.19180576631259483,0.15386949924127466,NA,0,27.02153110047847,2146,52188,70217,31398,0.20081053698074974,0.15499254843517138,0.08246128087065718,0.2745393004889056,80900,0.038880248833592534,0.202303961196443,0.03159082361790147,0.030838661150808574,0.06506205340353516,0.062053403535163594,0.18653629183903722,0.2083490033847311,0.2173749529898458,0.12072207596840917,0.07747273411056788
48109,"Culberson County, Texas",3812.156486825422,0.21472454698631807,2195,0.5757895846054024,2634,0.5454545454545454,1262,1188,1007,44.8,0,213,40,66,38,0,0,10,2,124,99,7,49,67,49,46,0,40,110,114,43,71,0,125,62,68,18,39,0,0,44,16,30,46,51,58,94,31,29,33,59,30,72,63,39,0,0.5134396355353075,0.002277904328018223,0.012300683371298405,0.7799544419134397,0.48656036446469253,0.25815217391304346,0.15760869565217392,NA,0,NA,823,58777,67604,26529,0.19476343592099218,0.12087912087912088,0.012004801920768308,0.20875113947128532,79300,0.05184331797235023,0.19200734956361967,0.03646308113035551,0.06198723792160438,0.09480401093892434,0.21513217866909753,0.203281677301732,0.16864175022789427,0.06927985414767548,0.11485870556061988,0.03555150410209663
48111,"Dallam County, Texas",1503.3531502848662,1.7795603686194685,7298,4.854481462733571,7281,0.4994169696138281,3604,4032,3266,29.9,264,464,495,66,186,106,1,17,342,265,412,263,207,154,359,5,11,4,188,98,83,25,17,180,317,293,312,70,11,75,157,298,79,442,161,31,151,203,18,68,119,51,102,57,59,12,0.5093176212661003,0.0020553576322280076,4.110715264456015e-4,0.5432995341189367,0.49068237873389975,0.22175536881419233,0.119281045751634,NA,0,15.100424328147101,3621,71500,79564,26698,0.11472249001514943,0.10675752413401476,0.023424878836833602,0.1526867627785059,151400,0.02165506573859242,0.2443557268722467,0.09698558322411534,0.07667103538663171,0.18905635648754915,0.09665792922673656,0.16055045871559634,0.09272608125819135,0.1218872870249017,0.08486238532110092,0.08060288335517693
48113,"Dallas County, Texas",873.1595671485736,35.48365822544351,2621179,3001.9472941925515,2927813,0.5276297028361187,1612806,1300538,1320641,34.1,91586,89255,97704,58060,35130,16947,16495,58893,110900,107671,94486,87927,78270,77591,74485,29209,39275,24042,28139,37262,23324,12748,11139,87753,87821,90656,55706,33510,16699,16212,59364,111050,105426,92700,86079,81614,78769,72149,29158,43574,26111,32160,45274,30308,18887,19661,0.3474550955886645,0.22396982426610315,0.07065446503272,0.4125990632459668,0.6525449044113355,0.18085010541784546,0.3573577210089225,NA,0.014059404121356147,26.82891883624653,1306172,76547,88706,42559,0.13918331133614295,0.10825931621060596,0.04988960271221208,0.07721192715253553,303000,0.06759489059636505,0.21455579647669173,0.14306949054663767,0.12686614114078867,0.10879606372040396,0.1725258576572939,0.15859018840994774,0.12145751268821041,0.10281276849473926,0.03202452662763565,0.03385745071434273
48115,"Dawson County, Texas",900.30593269158,1.822684120544188,12134,13.477640832293364,11770,0.49238621151271755,4161,6981,5153,34.8,364,427,475,243,213,110,75,524,542,653,433,612,441,407,314,213,174,108,129,241,129,93,61,429,379,399,229,139,77,6,227,243,374,256,376,218,276,242,147,210,106,148,240,175,137,120,0.4945607384209659,0.0671666391956486,0.00519202241635075,0.5579363771221362,0.5054392615790342,0.27897160399079046,0.12727040163724737,NA,0,24.440511532313312,4525,54360,69367,26655,0.19574302653319078,0.16928379931060897,0.06392132759680394,0.1754028146033041,103400,0.049715557754142964,0.22490037904558266,0.03569243320416072,0.014276973281664287,0.05873954721599021,0.08994493167448502,0.15439526820314092,0.2253722210891291,0.21639812359779725,0.09687946155415052,0.10830104017948194
48117,"Deaf Smith County, Texas",1496.8218265876135,1.5160521979252413,18460,12.332797178729194,18490,0.5004059539918809,8361,9531,8929,31.3,850,1054,574,704,253,140,180,454,541,653,543,612,479,457,658,78,187,188,228,364,117,144,73,832,685,896,199,294,59,221,343,597,592,653,383,506,477,385,66,420,216,223,328,226,124,204,0.4046045503791983,0.025947995666305526,6.500541711809318e-4,0.7643553629469122,0.5953954496208017,0.2981719828390226,0.11434433874277188,NA,0,16.60795664490701,8331,60799,63268,25625,0.17666465057458625,0.14292084726867335,0.03452641270571988,0.13359106529209622,121300,0.04561229548834903,0.21005641671687572,0.05326460481099656,0.10839060710194731,0.03565292096219931,0.08705612829324169,0.23482245131729668,0.2554410080183276,0.11025200458190149,0.06557846506300115,0.0495418098510882
48119,"Delta County, Texas",256.8323575244364,21.099543318347422,5438,21.173344559914337,4128,0.4315283295003136,1036,2460,2978,40.3,172,86,216,29,21,49,41,33,147,189,132,147,150,150,93,220,63,84,143,95,75,96,29,253,203,180,169,31,0,0,68,286,178,207,226,47,173,164,142,63,61,98,174,121,36,98,0.8126149319602796,0.08091210003677823,0.004413387274733358,0.0917616770871644,0.18738506803972044,0.10573707229225623,0.14921533316182145,NA,0,NA,2346,66575,88208,31723,0.11364902506963788,0.09891512444160817,0.04281098546042003,0.11306122448979591,164300,0.035895075931891396,0.09545032497678738,0.10326530612244898,0.10979591836734694,0.11714285714285715,0.17061224489795918,0.1469387755102041,0.06938775510204082,0.11632653061224489,0.08326530612244898,0.08326530612244898
48121,"Denton County, Texas",878.7502320474072,72.91089804277085,979561,1114.720616025003,855097,0.4660797816268754,403038,485069,494492,37,28928,32788,33827,21567,12589,5564,5803,19691,33673,37255,37591,38622,35654,34654,30751,10123,15223,8551,10170,14125,9423,5071,3426,27473,29983,33618,20777,12460,5749,6439,19330,33798,38364,37608,39917,35833,34094,31060,10554,15076,8745,11581,17731,10870,6643,6789,0.5692999210870993,0.1095409065897887,0.11124983538544307,0.20483359382417227,0.43070007891290074,0.0644534107620951,0.49443493344394585,NA,0.0030521211293985614,28.112697752285854,527502,111498,134936,54690,0.07072370800379431,0.044019246966341206,0.04013267887956084,0.04342886870477818,437200,0.035072920597571534,0.10598053050729517,0.3276514648815938,0.24607834289748748,0.1601442851303503,0.14454790128306536,0.07441725900720364,0.021528636723166843,0.011721176152078013,0.00620829506786922,0.007702638857185325
48123,"DeWitt County, Texas",908.9763983462472,1.5134892516876526,20016,22.02037372633245,19687,0.49585673626678084,7528,10559,9457,42,623,792,468,354,201,139,87,560,432,742,795,879,669,596,729,202,470,281,349,525,276,248,142,560,781,541,352,205,88,124,246,410,495,513,555,487,579,562,272,448,269,416,566,491,272,225,0.5888289368505196,0.06065147881694644,0.006644684252597921,0.3568645083932854,0.4111710631494804,0.145088161209068,0.1686937747391148,NA,2.545500827287769e-4,NA,7857,63730,73468,29806,0.1759986812462223,0.14522727272727273,0.03722829350306233,0.25081186403983546,170900,0.06747579829504406,0.17014745381790275,0.12589305044381902,0.10965576964710977,0.1209136176661615,0.114743450963412,0.16020783719419787,0.08822255899545356,0.1052175795626759,0.059211950638666376,0.115934184888504
48125,"Dickens County, Texas",901.7241299959691,3.4972548135358155,1747,1.937399634639709,1706,0.4940631335070953,671,839,908,47.6,12,43,28,73,36,26,3,21,42,50,30,70,39,38,41,63,39,27,46,13,53,27,19,96,32,72,15,21,0,0,8,23,18,75,58,52,31,28,46,51,16,32,112,73,37,12,0.7458500286204923,0.013737836290784202,0.015455065827132226,0.3279908414424728,0.2541499713795077,0.1522601110229976,0.18001586042823156,NA,0,24.382183908045977,712,49335,65469,31036,0.17984768599882836,0.116331096196868,0.09240506329113925,0.368375325803649,65300,0.06602475928473177,0.11981297486849796,0.08166811468288444,0.07211120764552563,0.043440486533449174,0.06168549087749783,0.13119026933101652,0.13032145960034752,0.2788879235447437,0.10165073848827107,0.09904430929626412
48127,"Dimmit County, Texas",1328.8848836365264,5.62782491656332,8380,6.30603907320243,10298,0.5513438269622015,4586,4484,3896,35.7,429,241,383,195,243,7,4,146,243,403,542,147,220,220,204,50,228,78,73,222,170,27,9,149,303,281,197,283,81,95,3,148,215,545,143,139,117,173,50,195,23,224,199,67,187,79,0.1435560859188544,0.011217183770883056,0.005489260143198091,0.8714797136038186,0.8564439140811456,0.26704119850187263,0.09794007490636704,NA,0,24.809372517871328,2668,38808,47917,24227,0.411058566751546,0.3168224299065421,0.08417169684775319,0.25478498632861046,85500,0.1647765176784523,0.1449011761852795,0.20084514044245588,0.141436738752175,0.0914740243599304,0.141436738752175,0.18742232165050957,0.05468555804126274,0.08177976634352473,0.05866268953517276,0.04225702212279393
48129,"Donley County, Texas",927.036807506444,6.00920081483003,3257,3.5133448571052126,3105,0.4880540710468406,1249,1542,1715,40.7,78,57,142,31,178,41,2,61,92,23,55,102,85,61,76,33,85,43,30,138,58,68,3,29,97,57,82,138,44,39,13,125,37,187,58,51,67,72,91,50,27,107,109,121,38,76,0.841879029782008,0.05158120970217992,0.025483573840957938,0.12588271415412958,0.15812097021799199,0.13330258302583026,0.16559040590405905,NA,0,NA,1401,58750,80572,28379,0.07865168539325842,0.025165562913907286,0.016783216783216783,0.39518195797027167,96400,0.03220338983050847,0.17894736842105263,0.0717580727831881,0.09789851358277807,0.08764736032803691,0.07637109174782163,0.21271143003587903,0.10661199384930804,0.096360840594566885,0.07944643772424398,0.17119425935417734
48131,"Duval County, Texas",1793.477293717191,2.115170803880172,9742,5.431905959516537,9307,0.4885820777993595,2677,5113,4629,33.6,188,379,418,164,185,6,46,83,558,672,347,248,118,213,368,78,139,99,85,314,250,53,102,432,445,189,239,203,34,95,119,158,496,212,153,355,283,152,134,177,124,45,182,200,182,20,0.5544036132211045,0.007082734551426812,0.012009854239375898,0.8160541983165674,0.44559638677889546,0.23523093447905477,0.06843639711523707,NA,0,29.75631136044881,3112,49038,66439,22146,0.33270759717314485,0.1786480686695279,0.10980061780398764,0.3092760180995475,89400,0.1077628562070095,0.2219178082191781,0.028733031674208143,0.14660633484162897,0.09321266968325792,0.2323529411764706,0.17149321266968326,0.067420814479638,0.14570135746606336,0.05995475113122172,0.054524886877828055
48133,"Eastland County, Texas",926.5080730103768,5.406318098771114,18011,19.4396579206043,17711,0.49580090700408713,7463,8925,9086,43.1,421,547,480,356,331,163,130,501,403,492,375,552,506,564,669,228,350,297,476,386,366,192,140,544,586,467,404,324,98,26,297,545,415,405,607,433,614,499,195,534,257,342,551,281,361,301,0.8075620454166899,0.02154239076120149,0.004719338182221975,0.1726167342179779,0.19243795458331014,0.15248054474708173,0.2182230869001297,NA,9.017132551848512e-4,NA,7763,53549,70439,31299,0.16205187991839115,0.1053941908713693,0.04685990338164251,0.2289002557544757,134800,0.050304035378662244,0.15332695877158445,0.07907075873827792,0.09537510656436488,0.061167945439045183,0.11072037510656436,0.12372122762148338,0.06734867860187553,0.1541986359761296,0.12116368286445013,0.18723358908780904
48135,"Ector County, Texas",897.8839106590456,3.9339622422961034,164654,183.380053975067,164107,0.4991680886723182,74008,84466,80188,31.4,7289,7681,6535,3910,2334,1206,999,3772,6599,7500,7331,5213,4713,4338,3597,2039,2090,1326,1415,2035,1529,561,454,6824,6891,7013,3875,2240,725,1064,3579,5857,6528,5518,5075,4451,4021,4279,1076,2234,1448,1537,2210,1690,947,1106,0.4811240540770343,0.04465120798765897,0.012237783473222637,0.6348464051890631,0.5188759459229657,0.21717637286384311,0.17631208403821025,NA,0.0020253504124471866,25.00228636357338,74555,71536,81330,36118,0.16450725378076778,0.14014510558401522,0.05855318726089333,0.06293269858778792,200200,0.060994687359633225,0.22102768448649546,0.21024978591851842,0.10036430136867008,0.09870970551096532,0.14601082744306884,0.14617048142933858,0.08116228102004383,0.17244081917008955,0.038694320672288424,0.006197477467016938
48137,"Edwards County, Texas",2117.872059638886,2.0063073651306493,1290,0.6091019493500259,1280,0.4980544747081712,512,704,586,39,4,0,84,59,86,30,58,3,1,4,39,27,79,29,36,2,35,0,0,46,60,6,16,33,55,40,21,99,0,0,2,0,3,60,58,13,18,38,9,27,3,27,49,14,12,5,0.7441860465116279,0.020930232558139535,0,0.43023255813953487,0.2558139534883721,0.21089385474860337,0.2611731843575419,NA,0,NA,522,40313,51833,19149,0.31865492393915135,0.27459016393442626,0,0.5042944785276073,NA,0.07920792079207921,0.1921537229783827,0.13006134969325153,0.17177914110429449,0.08220858895705521,0.05521472392638037,0.11779141104294479,0.10920245398773006,0.11042944785276074,0.046625766871165646,0.17668711656441718
48139,"Ellis County, Texas",935.7744066767877,16.182382698298216,213160,227.78994432749485,186961,0.46726115350106595,78389,105520,107640,36.3,7073,7420,9122,5278,2959,1471,1243,4123,6378,7162,6805,8096,6590,6857,6239,2801,3298,2172,2765,3338,2417,1177,736,6704,7073,8446,5054,2735,1112,1272,4057,6512,7535,7093,8298,7066,6844,6359,2342,3955,2462,2925,3820,2670,1802,1504,0.5955948583223869,0.14531807093263277,0.008538187277162695,0.2817695627697504,0.4044051416776131,0.11782521120433567,0.3010187077047921,NA,7.553447814280797e-4,NA,104588,99595,110734,40925,0.06901871798645165,0.05310724431818182,0.04447968178886261,0.048566731192490255,348600,0.03726361850081523,0.14994023744395785,0.30904775794860917,0.23412266977804885,0.11939487152289782,0.11988544456524622,0.08925777624565777,0.04555699928402853,0.0319005064835194,0.016825329479462227,0.03400864469253003
48141,"El Paso County, Texas",1013.5254866045711,1.756195395499902,870779,859.1584637079147,866465,0.49875837821284746,382460,433123,437656,33.6,29448,29760,35987,20304,13708,6705,8517,21576,35732,33663,29632,28575,24831,23222,21670,8012,12434,8321,9720,12600,8513,4916,5277,28137,29797,33723,19684,12167,6317,5984,19879,32221,30983,27689,27276,25910,25200,22327,9358,16180,8873,11775,16151,12336,7600,8089,0.2959223867364739,0.03386278263485913,0.012779361927653285,0.8270272939517375,0.704077613263526,0.18936013666347348,0.25948940603111353,NA,0.007697001349625363,NA,386774,59806,67622,28486,0.18745586359121252,0.16253980965861473,0.05727842819332841,0.07396830989180118,180400,0.06375380877528476,0.2164856273922765,0.19099053994332002,0.1510703987687401,0.12774630606574755,0.14157634645873704,0.14331321410138734,0.08460894208689901,0.09098775848268231,0.02900136291571247,0.040705131176774184
48143,"Erath County, Texas",1083.1786525651855,6.628110632172813,43794,40.431003598794135,42813,0.49433648550348125,20117,21371,22423,32,1179,1351,1207,813,1448,747,436,1471,1393,1356,1173,1186,1112,1128,1088,609,696,357,639,856,478,405,243,1296,1032,1401,794,1956,722,759,1287,1348,1319,1159,1198,1231,980,1059,597,766,377,726,887,644,452,433,0.7930310088139928,0.019066538795268758,0.010069872585285656,0.22279307667717038,0.2069689911860072,0.12373044989380189,0.32052519791465534,NA,2.369892880841786e-4,NA,21098,65115,86482,32733,0.16560588424676193,0.10098138127120976,0.05687162132466048,0.10046004065475554,269100,0.04840627973358706,0.15225568247375101,0.22204985556863166,0.15234834706322883,0.14346849256445918,0.11789879105595379,0.14197068578153418,0.06617096394565102,0.06333582967797154,0.028565315074355408,0.0641917192682144
48145,"Falls County, Texas",765.4950926413559,8.37573533159227,17291,22.58799588164186,14985,0.46427686206469204,4119,8114,9177,40.6,348,434,469,485,200,59,76,535,469,409,367,410,449,755,421,269,375,158,326,422,304,214,160,612,492,588,199,270,137,47,237,535,808,634,612,482,644,477,338,308,157,279,587,301,151,282,0.5788560522815337,0.1868023827424672,0.05557804638251113,0.2500722919437858,0.4211439477184663,0.12955465587044535,0.19499297694786416,NA,0,28.57642442852269,6425,57247,72125,29348,0.14712613614071798,0.09262948207171315,0.05957385128279461,0.14845637583892618,110900,0.05832282471626734,0.16925081433224756,0.11248322147651006,0.10134228187919463,0.08402684563758389,0.10697986577181208,0.2134228187919463,0.09986577181208053,0.12818791946308725,0.0574496644295302,0.09624161073825503
48147,"Fannin County, Texas",877.9385611053024,20.94518739082961,37326,42.515503537067005,33494,0.47294549562270544,11895,20036,17290,41,962,1352,994,802,483,218,224,819,1538,1374,1334,1534,1334,1218,1173,521,895,342,544,1088,678,327,282,877,1101,1084,696,316,221,120,533,952,1116,1088,1042,998,1126,1199,661,654,441,631,879,650,445,460,0.8121148797085141,0.058940148957831,0.005009912661415635,0.13132936826876707,0.18788512029148585,0.12302066053385613,0.19484240687679083,NA,1.907547529725949e-4,NA,15727,72295,84733,35018,0.13747958945649638,0.09131868131868132,0.04990768864272527,0.1381800999054948,233700,0.03360225581577504,0.14341310408921934,0.14270284865667612,0.1700418523018766,0.1421628189550425,0.13581746996084784,0.12879708383961117,0.07715674362089915,0.04536249493722155,0.04624004320237613,0.1117186445254489
48149,"Fayette County, Texas",949.9337120480867,9.87443262285385,25042,26.361839444574155,25129,0.5008670347411851,11280,12437,12605,48.2,656,696,739,532,170,9,26,493,788,608,735,647,584,727,593,527,742,330,732,817,498,335,453,556,756,718,399,197,127,43,497,511,679,617,671,668,673,878,430,616,395,719,837,718,497,403,0.75960386550595,0.058222186726299814,0.0027553709767590448,0.2205095439661369,0.24039613449404995,0.08535923594530063,0.2745278923377469,NA,0,23.050964187327825,11193,75854,93155,43613,0.08628759819284464,0.05341456503258714,0.022697962342017024,0.21385929116602434,293900,0.061424589060847835,0.09931409553959171,0.14486510995239174,0.15763621249905538,0.12393259276052293,0.12665306430892465,0.11267286329630469,0.06309982619209552,0.07972493009899494,0.04609687901458475,0.14531852187712538
48151,"Fisher County, Texas",898.9509152165956,2.80251491512702,3655,4.065850468731493,3239,0.46982883666956776,1155,1866,1789,40.5,116,113,117,103,26,6,5,12,178,123,113,118,95,121,140,31,100,52,61,125,54,14,43,102,146,92,40,38,13,6,31,166,104,160,108,94,90,98,32,57,50,88,109,35,66,64,0.7556771545827633,0.03447332421340629,0.0019151846785225718,0.279890560875513,0.2443228454172367,0.08664931201190033,0.17143919672740796,NA,0,24.598540145985403,1571,65533,69798,32835,0.13723315774882175,0.12269938650306748,0.046635182998819365,0.22420634920634921,78600,0.04283887468030691,0.11656103609809865,0.041666666666666664,0.0496031746031746,0.046130952380952384,0.08234126984126984,0.15426587301587302,0.17609126984126985,0.24156746031746032,0.11656746031746032,0.09176587301587301
48153,"Floyd County, Texas",992.1425435175761,0.37982299531889724,5216,5.257309077289454,4853,0.48197437680007943,1889,2549,2667,38.3,117,265,144,91,88,0,40,38,126,238,179,150,102,181,124,53,132,59,52,158,117,73,22,189,244,179,97,108,0,0,48,204,169,118,208,80,187,160,61,101,37,143,111,98,66,59,0.625,0.02415644171779141,0.0019171779141104294,0.5809049079754601,0.375,0.23094170403587444,0.1491031390134529,NA,0,NA,2252,58462,64160,33032,0.17936784952491758,0.16723549488054607,0.06044407894736842,0.24691358024691357,89600,0.06711065573770492,0.23344880677444188,0.011959876543209876,0.05478395061728395,0.04243827160493827,0.04050925925925926,0.12075617283950617,0.2762345679012346,0.2827932098765432,0.08487654320987655,0.08564814814814815
48155,"Foard County, Texas",704.3965574357874,3.2875600195831023,991,1.4068779717032325,1033,0.5103754940711462,551,485,506,49.1,10,17,36,14,24,0,0,30,4,11,23,68,11,27,24,5,13,9,25,66,25,34,9,32,8,16,17,23,0,0,17,32,13,23,54,22,31,49,7,14,9,17,4,43,34,41,0.8365287588294652,0.0030272452068617556,0.0030272452068617556,0.11907164480322906,0.1634712411705348,0.17670682730923695,0.20615796519410978,NA,0,17.780040733197556,509,61563,115878,34100,0.055734190782422297,0,0.06261510128913444,0.2985553772070626,70700,0.06407322654462243,0.191129883843717,0.014446227929373997,0.04654895666131621,0.048154093097913325,0.027287319422150885,0.23274478330658105,0.09470304975922954,0.17656500802568217,0.056179775280898875,0.30337078651685395
48157,"Fort Bend County, Texas",861.7848484240081,23.465387870522953,893767,1037.1115268903593,749115,0.4559761443609462,280124,440165,453602,37.3,27536,32819,38933,22581,11805,5583,5201,15419,23358,25958,32931,34350,32833,30106,25421,10330,13139,9052,11340,14511,9239,4512,3208,26468,33640,34734,21407,10888,4089,5043,16605,24501,29041,34836,37285,33788,30053,26380,9841,14576,9772,12793,16384,10590,5523,5365,0.3361379419915929,0.20828582840941767,0.22098936299952895,0.2466470567832556,0.6638620580084071,0.08056576755201234,0.5022994203257741,NA,0.006297436766672317,NA,424776,114041,129136,47992,0.07573170896724055,0.0647247420771833,0.05046791663652446,0.04227292209938063,374500,0.032120199649486016,0.11650752122627171,0.3654873655658911,0.2490012531369322,0.1371710515552967,0.12354359640483849,0.08370169451597177,0.018070692628086627,0.010515880156920229,0.004704989317253046,0.007803476718809815
48159,"Franklin County, Texas",284.3912535502095,10.376542285138001,10632,37.38511598818531,10132,0.4879599306492005,4055,5320,5312,43.2,363,228,506,224,158,128,23,164,190,252,291,367,241,345,315,176,175,166,69,479,212,178,70,301,151,414,187,145,65,36,80,256,382,368,277,340,334,375,88,312,206,139,310,299,150,97,0.7769939804364183,0.05436418359668924,0.0031038374717832955,0.14738525206922498,0.22300601956358168,0.0961254859900791,0.2776511596728784,NA,0,23.954933954933956,4555,72360,81821,41630,0.11665715915573303,0.08227194492254733,0.04389850986709625,0.2390158172231986,226300,0.01924557351809084,0.15011393847322446,0.14606522163639915,0.14489357547354031,0.17301308338215193,0.20035149384885764,0.1827768014059754,0.043741456746729156,0.04256981058387034,0.020308533489552822,0.046280023432923256
48161,"Freestone County, Texas",877.7306555088286,14.261441751853676,20049,22.84185914456572,18504,0.4799626488211034,5973,10500,9549,41.1,501,773,625,413,280,98,100,275,551,788,716,823,730,635,565,186,580,406,293,419,297,263,183,496,661,643,419,123,131,117,183,612,638,401,699,443,565,654,250,338,202,423,563,385,331,272,0.6565913511895856,0.14504464063045538,0.002194623173225597,0.1723277968976009,0.34340864881041444,0.1271550207585673,0.16536485820843008,NA,0,25.527196044211752,7518,59960,77335,30349,0.1229684641050479,0.09806685461135722,0.03042647994907702,0.22284336292886112,168000,0.024823695345557124,0.12600882384590553,0.1652965033431985,0.16584456867258576,0.12824728707661953,0.1410720157842815,0.16990025211005153,0.06850816617340787,0.07333114107201578,0.03343198509262304,0.054368080675216486
48163,"Frio County, Texas",1133.5008123589762,0.8469618392054327,18582,16.39345979940519,18877,0.5039376384847433,7290,11354,7228,32.3,670,619,750,731,413,192,106,670,1337,1017,1094,744,538,470,415,345,185,131,362,181,166,169,49,346,266,907,297,284,106,220,212,405,352,425,561,449,318,562,124,150,168,130,295,249,147,255,0.3302120331503606,0.05112474437627812,0.017759121730707136,0.7782262404477451,0.6697879668496394,0.2851691681505978,0.11947765623675062,NA,0.007147962830593281,NA,6995,66010,68229,22707,0.19514289218692507,0.15638185654008438,0.05566418980576196,0.14953855779759112,107700,0.10391760161853963,0.15095603458774814,0.15814171750351946,0.14656655717190678,0.11903644611293603,0.17800719536993587,0.16127013921476616,0.11012044423588299,0.06178632879712185,0.027686532144533083,0.03738463944939778
48165,"Gaines County, Texas",1502.3631252345572,0.48762619749589575,22232,14.798020283231471,21935,0.4966377612244436,8567,11287,10945,29.3,1164,1368,802,735,455,277,149,443,471,519,859,636,641,630,417,318,427,130,219,222,270,68,67,1043,1088,1090,671,265,174,178,537,571,664,918,476,675,327,776,150,167,132,229,373,151,182,108,0.7017362360561353,0.020690896005757468,0.005577545879812882,0.4027527887729399,0.29826376394386467,0.4249130840329009,0.11718816246926142,NA,1.128158844765343e-4,NA,8864,74132,83339,30645,0.06833961065480783,0.04464807954767011,0.024337943604588828,0.1023448633242648,200700,0.05628517823639775,0.36665607841357717,0.1840912035237725,0.09534913848944164,0.13978494623655913,0.2193289286176966,0.06037051431532582,0.15092628578831455,0.08679880813576889,0.023189532322839747,0.040160642570281124
48167,"Galveston County, Texas",379.4128497892654,494.531948796674,358990,946.1724878305815,322076,0.4728998364328861,131097,177108,181882,38.8,10465,11801,12906,8076,4588,2148,1518,7090,11159,11737,11552,12668,11233,11279,10841,4538,7409,3953,5964,7147,4323,2727,1986,9977,11816,12052,7591,4096,1427,1829,7156,11064,12197,12603,12577,11525,11590,11596,4878,7404,4123,6536,7881,4911,3553,3500,0.6033343547174016,0.12286971781943787,0.03401487506615783,0.2637092955235522,0.3966656452825984,0.10100877874773986,0.34794685298665595,NA,0.004809208920844468,27.89523019549927,168011,86105,110721,44946,0.11711252076211856,0.08965276233440289,0.05667598674233024,0.1310203375589987,314600,0.05403099672970283,0.13615265891860015,0.19788963847085278,0.18608990041268195,0.11783057800182865,0.13633948649516892,0.14137445325821038,0.0963871796772679,0.052048582795858354,0.019806261892406158,0.05223391899572491
48169,"Garza County, Texas",893.4161555960877,2.7835040162348244,5118,5.728573373049503,4831,0.4855764398432003,1411,3356,1762,35.4,100,169,141,89,47,169,41,294,252,426,244,273,336,200,62,51,69,43,81,35,57,38,139,73,66,113,65,47,33,136,12,38,219,12,192,120,66,147,30,23,23,80,52,163,33,19,0.48749511527940603,0.10082063305978899,5.861664712778429e-4,0.4949198905822587,0.512504884720594,0.3003122338915697,0.1021856372409878,NA,0,NA,1698,46314,60104,23966,0.08420208500400962,0.051923076923076926,0.11470281543274244,0.3319634703196347,77800,0.07928913192071087,0.17990531299316148,0.04246575342465753,0.145662100456621,0.12648401826484018,0.11735159817351598,0.09954337899543379,0.16255707762557078,0.2273972602739726,0.05251141552511415,0.026027397260273973
48171,"Gillespie County, Texas",1058.2031233349344,3.474349688106663,27524,26.01012923989293,29275,0.515414003767672,13596,13573,13951,50.7,701,713,872,549,263,135,8,284,859,596,688,669,612,742,1042,408,580,453,726,881,722,635,435,555,919,584,457,292,28,158,323,656,570,597,914,540,783,976,574,576,517,1039,763,846,772,512,0.8191033280046505,0.0031245458508937654,0.004214503705856707,0.22914547304170904,0.18089667199534953,0.09887347096649422,0.371851278828023,NA,0.0018573237653018151,NA,11845,76162,103633,48971,0.09229010729692858,0.06479949077021006,0.02722989698953925,0.1989842064982954,460700,0.0546338921219491,0.13943387197703094,0.19174841717108468,0.1812426076671537,0.14520281082585404,0.14241981493077296,0.13448827662979196,0.043275586168510405,0.04522368329506714,0.027342934669171363,0.08905586864259375
48173,"Glasscock County, Texas",900.2176743676032,0.8669159857111307,1068,1.186379728380986,1504,0.5847589424572317,912,599,469,39.5,19,44,59,50,2,4,0,14,60,13,62,17,86,26,26,9,30,11,10,11,4,4,38,47,16,8,8,0,0,0,14,66,27,21,70,26,25,19,38,3,15,16,13,13,3,21,0.7078651685393258,0,0,0.2696629213483146,0.2921348314606742,0.11494252873563218,0.29246487867177523,NA,0,25.721040189125297,476,101250,124464,52781,0.08895131086142322,0.06804733727810651,0.0078125,0.10331384015594541,245200,0.06956521739130435,0.250936329588015,0.17738791423001948,0.10136452241715399,0.07407407407407407,0.16764132553606237,0.056530214424951264,0.2300194931773879,0.12475633528265107,0.042884990253411304,0.025341130604288498
48175,"Goliad County, Texas",852.011133642318,7.355252225106835,7141,8.381345874522172,6069,0.4594246782740348,1714,3599,3542,44.6,225,169,216,129,99,14,76,144,114,246,138,284,193,154,214,226,121,37,142,306,193,50,109,116,317,171,69,10,35,69,48,284,346,95,211,127,230,337,65,97,125,175,238,126,76,175,0.73407085842319,0.05349390841618821,1.400364094664613e-4,0.32320403304859263,0.26592914157681,0.12094000764233856,0.21417653802063433,NA,0,NA,2786,59359,89432,36715,0.13028668748225944,0.11498637602179837,0.052488994243142566,0.20749929517902452,192500,0.07648523657061544,0.13418439716312056,0.17846067098956864,0.11164364251480124,0.19509444601071327,0.1060050747110234,0.14152805187482378,0.10008457851705667,0.07160981110797858,0.033267550042289255,0.062306174231745136
48177,"Gonzales County, Texas",1066.6863703615616,3.167615448411344,19851,18.609968732675707,18827,0.4867625006463623,7636,9960,9891,39.3,631,642,874,527,304,57,193,292,496,630,573,716,513,533,686,251,365,294,335,375,409,171,93,681,685,602,414,271,192,125,210,465,436,749,471,657,543,630,221,620,332,415,328,469,129,246,0.5383607878696287,0.06453075411818045,0.004231524860208554,0.5107551256863634,0.4616392121303713,0.24728157554558589,0.11923047676982738,NA,0,27.1722395958624,8660,58672,68882,29113,0.15817214205301403,0.14915572232645402,0.043130815544608646,0.12128603104212861,159100,0.0762048952813525,0.1796275452778062,0.14711751662971176,0.12516629711751662,0.13259423503325943,0.1343680709534368,0.13359201773835921,0.06840354767184036,0.0787139689578714,0.09412416851441242,0.08592017738359202
48179,"Gray County, Texas",925.974050458921,3.3593939431379605,21045,22.727418753873188,20377,0.49193665202066533,8239,11251,9794,36.9,618,916,728,485,353,192,116,392,613,850,920,655,773,720,655,338,356,262,311,411,299,158,130,567,624,829,446,290,109,63,316,596,642,733,493,531,549,541,198,330,331,307,453,424,194,228,0.7711570444286053,0.045616535994297935,0.010691375623663579,0.3142789261107151,0.22884295557139467,0.16341689879294335,0.1622741232769088,NA,0,17.80913348946136,8907,59614,73424,33745,0.1571835361118302,0.12457429646890124,0.05565473065210543,0.1970458199356913,102900,0.04142159929921161,0.17673170228140808,0.05908360128617363,0.028737942122186496,0.04009244372990354,0.1142483922829582,0.12208601286173633,0.1457998392282958,0.2538183279742765,0.12258842443729903,0.11354501607717042
48181,"Grayson County, Texas",932.8322582961774,46.368514062613414,143337,153.65785083569656,138727,0.49182809575131886,62798,70117,73220,39,4433,4873,5068,3057,1868,657,1226,2339,4208,4548,4316,4136,4219,4318,4396,1903,2860,1697,2579,3097,1644,1308,1367,4345,5310,4212,3153,1848,995,580,2415,4373,4598,5163,3875,4093,4399,4438,2458,2781,2277,1867,4074,2648,1463,1855,0.7627130468755451,0.051849836399533965,0.015125194471769327,0.16348186441742188,0.2372869531244549,0.101054064646548,0.23880443078446337,NA,0.004302159981011156,25.772836109837485,67408,72182,88124,38174,0.11153835198951836,0.0817188407327245,0.03113049882446251,0.11079636902079444,248400,0.03730451781059948,0.15686012208602348,0.1880029614369407,0.1296111504538724,0.1161398313268525,0.1290317388785167,0.1124702246829331,0.12153157793085688,0.07925062769587331,0.05478658340307732,0.06917530419107706
48183,"Gregg County, Texas",273.38046894425764,2.3963277049932277,125480,458.99401842633245,141746,0.530434912770464,72759,61330,64150,35.9,4176,4075,5263,2993,1930,1366,904,2211,4023,4110,4402,3444,3362,3352,3086,1528,2327,1191,2111,2331,1660,757,728,4143,4237,4687,2703,1619,961,1149,1971,4247,4251,4427,3609,3517,3680,3579,1601,2372,1393,2198,2799,1940,1203,1864,0.5758766337264902,0.1797497609180746,0.013197322282435447,0.20200031877590055,0.42412336627350977,0.13171459576776995,0.22911014650027128,NA,0.001770130812667056,21.33996148933331,56493,66550,79265,33893,0.1610416718027102,0.12142042477112296,0.03596396880881957,0.10404023532468497,203400,0.046398906311494084,0.16506128533121622,0.11153796188037043,0.11155652060946866,0.10455987973943544,0.17087021880741607,0.22372547927917896,0.12629215151346435,0.08841378542397417,0.03429653137353154,0.028747471373160367
48185,"Grimes County, Texas",787.4669210822599,14.134417611201288,31340,39.798497131698795,27621,0.4684622038296501,8114,17099,14241,40.1,853,840,1350,619,343,195,131,708,1195,1259,1072,1152,1188,1123,1304,496,419,442,733,730,400,392,155,803,1033,904,625,359,212,218,465,649,708,1058,773,862,711,1166,247,475,623,520,711,434,341,344,0.6119017230376516,0.11442246330567964,0.0037013401403956604,0.25520102105934905,0.38809827696234844,0.19504658241859607,0.1971220367124804,NA,0,35.86132327229226,11833,69803,84879,32583,0.1456667387075859,0.10037021801727684,0.05063291139240506,0.169568386104138,237400,0.048464163822525594,0.18340768455892933,0.30269657462142685,0.16373795449024212,0.13110373309579723,0.1610656733338732,0.08324560693173537,0.054093448862256054,0.04680540934488622,0.015142926552757308,0.04210867276702567
48187,"Guadalupe County, Texas",711.2518567653595,3.5365542234172516,183642,258.19545953126857,158625,0.463453970146114,62553,91574,92068,37.6,5629,6546,6433,4200,2424,1373,1435,2799,5578,6235,7209,6594,6092,5989,5381,2103,3122,1730,2300,3664,2343,1704,691,4908,5679,6928,3910,2271,1009,1379,2874,5578,6340,7429,6014,6044,5837,6270,2175,2651,1474,2855,4317,2657,1916,1553,0.5514860434976748,0.07903420786094684,0.017098485096002005,0.39042811557269036,0.4485139565023252,0.10114255722879406,0.31429609592635954,NA,7.422633321913898e-4,28.82999693664176,87570,92375,107206,40669,0.09311364224410815,0.07058235649295218,0.04671261702310401,0.06134863701578192,304400,0.03183846906334067,0.11015838067788922,0.3276901004304161,0.23329985652797705,0.13604017216642755,0.11131994261119081,0.07928263988522238,0.037230989956958394,0.03302725968436155,0.021578192252510762,0.020530846484935437
48189,"Hale County, Texas",1004.6801081703853,0.0952429123223737,32131,31.98132394450757,30672,0.4883843128512969,12042,16697,15434,34.4,873,1276,1081,894,600,206,304,1031,1206,1202,997,1247,966,897,866,579,403,355,311,580,347,213,263,1224,1088,1255,755,325,279,81,819,967,906,698,1205,789,831,705,420,581,320,431,613,418,374,350,0.525753944788522,0.046341539323394854,0.008963306464162336,0.6127415891195419,0.474246055211478,0.25743512974051896,0.1531437125748503,NA,0.0013332345752166506,NA,13501,51897,65191,26080,0.2053577348982163,0.15881737310308738,0.05265325736253175,0.1768219832735962,116500,0.06513062409288825,0.20954950804567443,0.04592293906810036,0.04256272401433692,0.07788231780167264,0.12791218637992832,0.19198028673835124,0.24223416965352448,0.16957885304659498,0.05114994026284349,0.05077658303464755
48191,"Hall County, Texas",883.491975252395,20.604884269734068,2820,3.1918795857703013,2692,0.488388969521045,977,1392,1428,44.3,84,99,52,53,3,1,31,34,117,93,129,27,45,67,129,19,67,47,50,94,92,37,22,60,87,121,43,30,13,17,17,113,81,86,44,100,84,99,44,43,49,62,86,86,28,35,0.6021276595744681,0.04113475177304964,0.00425531914893617,0.3553191489361702,0.3978723404255319,0.1653012048192771,0.21445783132530122,NA,0,NA,1105,48459,56287,26348,0.16252252252252253,0.1263408820023838,0.0904,0.32777458309373203,86100,0.0427715996578272,0.15567567567567567,0.02645198389879241,0.023001725129384705,0.020126509488211614,0.03852788959171938,0.18803910293271994,0.18976423231742381,0.10638297872340426,0.06440483036227718,0.3433007475560667
48193,"Hamilton County, Texas",835.9145845463377,0.47823696480447014,8406,10.056051366255383,8617,0.5061974975033778,3636,4161,4245,43.5,155,365,230,152,184,32,12,74,231,263,241,252,187,222,351,68,148,122,170,266,230,121,85,227,148,393,219,161,3,46,106,117,203,287,205,223,208,269,163,166,83,120,343,215,124,216,0.8424934570544849,0.019628836545324768,3.5688793718772306e-4,0.14227932429217227,0.15750654294551514,0.11137480928971012,0.26784200711985084,NA,0,NA,3425,58219,88395,35419,0.16466992665036675,0.14195250659630607,0.054303556882975834,0.28636779505946935,147700,0.041987179487179484,0.13501339177014854,0.09423604757548033,0.08462946020128088,0.056038426349496795,0.0802836230558097,0.13266239707227814,0.10978956999085086,0.11893870082342177,0.14707227813357732,0.1763494967978042
48195,"Hansford County, Texas",919.8099164938216,0.5978178277273871,5119,5.565280291294169,4972,0.4927162818352988,2279,2620,2499,35.4,136,255,184,188,99,35,49,139,83,159,111,200,150,123,202,98,45,42,81,91,56,33,61,217,203,169,102,128,0,5,75,153,142,131,239,81,146,197,59,94,34,89,67,41,53,74,0.6487595233444032,0.0013674545809728462,0.0029302598163703846,0.5024418831803087,0.35124047665559677,0.22137161084529505,0.36427432216905903,NA,0,NA,2426,69441,95244,36375,0.08577654516640254,0.08163265306122448,0.06199770378874857,0.1832967032967033,124800,0.05166846071044134,0.21295562599049128,0.056703296703296706,0.056703296703296706,0.04351648351648352,0.11912087912087913,0.2342857142857143,0.22285714285714286,0.17362637362637362,0.026373626373626374,0.06681318681318682
48197,"Hardeman County, Texas",695.1141804518013,1.7563247397285238,3501,5.036582619742364,3414,0.4937093275488069,1629,1748,1753,44.4,127,89,45,61,101,6,0,61,91,59,111,99,97,117,145,89,74,52,78,133,76,31,6,95,140,107,82,111,15,12,21,84,106,59,78,118,119,110,13,100,59,133,73,45,59,14,0.7355041416738075,0.03370465581262497,0.013710368466152529,0.25621251071122536,0.2644958583261925,0.13344316309719934,0.16803953871499178,NA,0,NA,1716,63333,83319,31927,0.10679894951852932,0.05138339920948617,0.024130190796857465,0.3196902654867257,81900,0.02032520325203252,0.15602633839106786,0.06471238938053098,0.04314159292035398,0.06139380530973451,0.05752212389380531,0.11393805309734513,0.1747787610619469,0.12002212389380532,0.09900442477876106,0.26548672566371684
48199,"Hardin County, Texas",890.5769061478277,6.949540306750456,57642,64.72433722689857,46413,0.4460429580510307,13154,28431,29211,39.4,1624,2194,2207,1229,687,246,369,847,1835,1790,1816,1939,1670,1789,2055,784,777,413,1161,1307,740,681,271,1678,2009,1970,1352,681,365,239,785,1609,1812,2055,1932,1641,1769,1799,645,1234,599,1083,1562,1025,829,538,0.8389195378369939,0.05731931577669061,0.005499462197703064,0.06828354324971375,0.1610804621630061,0.0862614913176711,0.2098314606741573,NA,5.331583480293647e-4,NA,24383,75808,98346,37440,0.12088624222786584,0.10003714250340473,0.054233557250749555,0.1146613545816733,205700,0.03942039420394204,0.15884678632658059,0.21836653386454183,0.1897211155378486,0.14290836653386454,0.11713147410358565,0.13860557768924303,0.08386454183266932,0.05533864541832669,0.029920318725099603,0.024143426294820716
48201,"Harris County, Texas",1707.2877268157226,70.07113430641377,4838303,2833.9118966338274,5131996,0.5147283948054115,2589177,2404895,2433408,34.6,168430,178834,180125,110837,65822,28930,31506,103735,180813,190850,184589,172153,154294,145724,131772,50131,71007,40048,55786,72183,43258,24983,19085,162245,172188,174681,105731,61095,29288,31438,102218,182928,190601,177246,170969,154101,146704,134601,51386,74183,46182,60137,83511,54416,34695,32864,0.3443618557994404,0.19000277576662727,0.07346108749286681,0.439530347727292,0.6556381442005597,0.17477676290240163,0.3424016351558508,NA,0.020309878003941653,29.024134071282887,2295484,74983,88512,41006,0.16252994991563463,0.13110410690667995,0.06722602557304011,0.08375578139420896,276600,0.07108727472222286,0.2089891732623109,0.1863290558403162,0.17837719458334855,0.11207327183893961,0.15253390621496618,0.1662017217734997,0.08755546749122688,0.06540288561312761,0.026043518842000426,0.02548297780257484
48203,"Harrison County, Texas",900.0586195766158,15.694797427632869,70155,77.9449232240014,67265,0.48948479115121524,28397,34162,35993,38.8,2057,2455,2441,1449,1153,925,340,1027,2147,1753,2029,2547,1779,2004,1965,755,1714,859,1324,1337,1123,563,416,1920,2093,2691,1738,1388,638,634,965,1944,2165,2216,2345,1913,2035,2093,845,1708,1061,1382,1427,1337,697,758,0.6241037702230775,0.2032642006984534,0.004803649062789538,0.14830019243104553,0.3758962297769225,0.10549079820938129,0.22672520057957224,NA,2.8765941125707164e-4,NA,31287,66103,80285,32485,0.156265240072709,0.11279978442468337,0.055588673621460506,0.11658152977550747,180400,0.06775212082017727,0.1414516268231639,0.13123403683290766,0.16857104449522786,0.12414302997714746,0.12410942330958462,0.13325043688667831,0.1124479096652776,0.08405027557467401,0.05612313482995026,0.06607070842855223
48205,"Hartley County, Texas",1461.9546561605691,1.1635864722153153,5215,3.567142098439493,5756,0.5246559110381916,2174,2930,2285,38.7,178,78,184,52,1,0,15,30,307,274,251,489,144,190,140,88,117,31,34,178,65,84,0,202,216,205,45,5,1,1,40,199,210,197,74,70,156,118,52,54,102,47,61,86,27,117,0.6962607861936722,0.06040268456375839,0.0017257909875359539,0.3117929050814957,0.30373921380632785,0.1951034830893488,0.207218576476527,NA,0,NA,1633,75841,93319,32333,0.09379093528949436,0.0997352162400706,0.016477272727272726,0.09977949283351709,262500,0.02694427434170239,0.164789101388525,0.057883131201764054,0.09095920617420065,0.1819184123484013,0.14829106945975745,0.14498346196251377,0.11466372657111357,0.14167585446527012,0.043550165380374865,0.07607497243660419
48207,"Haskell County, Texas",903.1330677979976,7.129456970457006,5421,6.002437728492638,5457,0.5016547159404302,2567,2966,2455,43.1,152,119,169,153,256,0,13,69,166,135,215,242,194,145,144,127,89,87,54,210,117,68,42,73,93,160,62,88,34,21,83,97,142,98,190,143,127,227,63,102,59,84,256,100,100,53,0.7659103486441616,0.05921416712783619,0.0018446781036709095,0.2641579044456742,0.23408965135583837,0.13261093911248711,0.22807017543859648,NA,0.011457921770051362,NA,2531,60653,75292,40011,0.1655185610409491,0.1224345364472753,0.04880774962742176,0.31093800714053876,98700,0.03297220913801225,0.1620742441637964,0.06751054852320675,0.04706264199935086,0.06199285946121389,0.15709185329438494,0.08828302499188576,0.13567023693605973,0.1694255111976631,0.08925673482635509,0.18370658876987991
48209,"Hays County, Texas",676.8520406272153,1.9473924203509823,268638,396.89324087885217,235905,0.4675617340841118,106101,133903,134735,34.1,7968,8284,9154,5361,5255,3230,2351,8417,9727,9844,9810,10715,8273,7443,6113,3090,3843,1793,3302,4850,2763,1415,902,7556,9178,7669,5050,5798,4315,4253,6508,8544,9370,10181,9763,7909,7279,6245,3211,4269,2029,4132,5227,3015,1515,1719,0.6051377690423544,0.04117809096255928,0.020462481108406108,0.39436714091081676,0.3948622309576456,0.07969528970652025,0.43154417051416893,NA,0.004897935664174482,NA,138834,89097,112128,44565,0.12132745470047393,0.0609969392216878,0.04413049514740642,0.04610460950561261,399800,0.038698434636300814,0.11646557709267634,0.42561261046095056,0.23636971578695964,0.1088894196321949,0.10722713159780273,0.05727251015046573,0.023549080487222356,0.018323381896345834,0.011979937903033198,0.010776212085025078
48211,"Hemphill County, Texas",906.2860580821224,5.870909826609235,3234,3.5684097434355033,3427,0.5144873142170845,1690,1787,1447,45.1,55,153,73,110,61,0,10,47,134,90,121,107,154,75,76,80,60,80,76,109,61,29,26,64,67,71,70,31,0,11,50,78,57,66,73,157,93,148,28,20,63,57,93,30,35,85,0.7891156462585034,0.035559678416821276,0,0.3259121830550402,0.2108843537414966,0.193138500635324,0.21939855993223212,NA,0,16.74418604651163,1497,61563,106875,37488,0.061910747957259586,0.01639344262295082,0.05860349127182045,0.16279069767441862,205700,0.06300813008130081,0.1836414916953933,0.09075439591605218,0.09132161089052751,0.08735110606920023,0.14350538854225753,0.19228587634713556,0.057855927396483264,0.06466250709018719,0.07770845150311968,0.19455473624503686
48213,"Henderson County, Texas",873.773123273158,74.65428527081978,84862,97.121321015353,77414,0.4770514432201928,27224,41775,43087,43.8,2519,2423,2848,1711,1088,352,429,1576,2338,2339,2093,2521,2201,2517,2576,1258,2082,1164,1871,2373,1459,1081,956,2192,2644,2258,1569,785,485,431,1464,2337,2409,2036,2709,2465,2736,2824,1527,1984,1405,1698,2798,1696,1506,1129,0.7756003865098631,0.05076477104004148,0.007859819471612736,0.14794607716056657,0.22439961349013693,0.11914192517640794,0.2067467714019438,NA,0.0015574526995846792,NA,34672,65179,80918,34448,0.14732651421582146,0.10774569445634478,0.04906096348639136,0.19776832648380005,211300,0.045927029039463885,0.16665077927648825,0.1746153110962439,0.1631702188664819,0.13363758004396445,0.1898356112013763,0.17112682786963587,0.07765459237312435,0.04425117079231578,0.024801682117939407,0.02090700563891809
48215,"Hidalgo County, Texas",1571.2302257771078,11.60109892401046,891977,567.6933815086462,868929,0.4934556415845025,322380,440466,451511,30.5,35616,37595,43415,24038,15196,7698,7531,19913,32264,29913,26937,27526,26149,23613,18329,7460,10728,6401,8686,11851,9630,5568,4409,34230,36416,40986,23949,14735,7464,7235,19959,31297,28810,27618,26991,27290,25387,21968,7668,11518,7385,9604,14850,11136,7677,7338,0.2775306986615126,0.0069586996077253115,0.010316409503832499,0.9192882776125393,0.7224693013384874,0.2976757796981014,0.20633487144404758,NA,0.002370971664138402,NA,345428,54338,60128,23117,0.26665549525762366,0.2332893768693442,0.07590836541169843,0.12427565822735581,140900,0.056426483105732575,0.2824819861677282,0.22327551562763323,0.2686060228937373,0.1811275748972634,0.1498431403051634,0.09650760315793568,0.03770466301092833,0.022530756167438,0.010613956623757114,0.009790767316143584
48217,"Hill County, Texas",958.8579317742012,26.851238692997807,37328,38.92964615824888,33418,0.47236592881576345,11777,18616,18712,41,1063,1106,1447,772,428,277,331,512,1067,1096,1214,1003,984,1121,1144,627,788,557,580,1069,742,472,216,1068,995,1379,808,307,336,216,631,1002,1038,1146,1040,1039,1143,1272,592,716,538,635,1191,677,504,439,0.7502411058722674,0.05607051007286755,0.007635019288469782,0.23132768966995285,0.24975889412773256,0.1332449711523468,0.17990799937626695,NA,6.374705169885892e-5,NA,15687,64591,79942,32052,0.14676664568566816,0.10805840995132504,0.04193183845833581,0.16228550565899963,179200,0.05208106341250817,0.18612622415669206,0.14092734574662286,0.13380795910916393,0.1505415601801144,0.12553243276134843,0.12967019593525617,0.08409395156383108,0.08013873676524279,0.06535231836436656,0.08993549957405379
48219,"Hockley County, Texas",908.3918435143329,0.1722475162047083,21363,23.51738421312997,19885,0.48208397982932505,7951,10559,10804,35.9,731,608,1011,522,331,103,123,439,630,756,769,678,568,536,655,206,363,239,312,456,272,109,142,727,790,772,526,307,217,164,376,634,673,719,669,574,643,639,272,348,281,297,406,300,195,275,0.5715957496606282,0.034452090062257176,0.001357487244300894,0.5017085615316201,0.4284042503393718,0.1858108108108108,0.1891891891891892,NA,0.006257291335242337,NA,9429,63140,76176,32179,0.1306332276352455,0.11042837078651685,0.0465946267472985,0.14274883569803964,127000,0.042451042324699935,0.19146825396825398,0.06574244557565255,0.09238600671504386,0.11047330228528106,0.18802122820318423,0.18574677786201668,0.12780244774179572,0.11924618217264162,0.060435394779594934,0.05014621466478934
48221,"Hood County, Texas",420.7401304562029,16.119293602904722,65894,156.61448773272951,59456,0.4743199042680495,21994,32379,33515,45.9,1636,1840,2204,1329,725,225,520,753,1512,1728,1597,2243,1751,1769,2424,1122,1054,1130,1125,2535,1491,824,842,1607,1796,1868,1187,588,267,332,960,1686,1856,1661,2061,1635,2014,2481,1162,1461,1018,1372,2712,1564,1198,1029,0.8464503596685586,0.011184629860078307,0.007891462045102741,0.13763013324430146,0.15354964033144136,0.07572257943691865,0.3294629294379591,NA,0,32.83075089392133,28432,88160,107157,43607,0.07659993537168973,0.06053848245852597,0.056282722513089,0.12189499759168788,306400,0.025937389805273676,0.14182315517718289,0.2557971513108099,0.22080781669304342,0.14866166655198515,0.1629395169613982,0.13775545310672263,0.031308057524255146,0.015550815385673983,0.011628707080437624,0.015550815385673983
48223,"Hopkins County, Texas",767.4310533485097,25.340566442778886,37784,49.23439028840202,36275,0.48981217677797434,15563,18566,19218,39.5,1193,1333,1170,940,447,208,242,692,1150,1166,1145,998,1056,1251,990,526,872,389,805,767,522,444,260,1273,1219,1235,809,394,199,182,772,1044,1127,1203,1027,1115,1297,1159,737,539,616,623,933,704,519,492,0.79650116451408,0.07018843955113276,0.00865445691297904,0.18701037476180393,0.20349883548591996,0.14747213063275239,0.21875490657874078,NA,0.006619025304592315,22.569461985349836,17072,70888,84040,34712,0.11876746185256823,0.08902957760411515,0.0400329489291598,0.11837300088150107,221100,0.035709184402228256,0.18703663908885784,0.16704445283969274,0.12895101372623094,0.13222516055912353,0.14066238509003903,0.1696889560508752,0.08846492885027074,0.05710867648910717,0.0482936657851656,0.06756076060949502
48225,"Houston County, Texas",1230.9972845434033,5.577650166718919,22051,17.913118312181386,21228,0.4904919244899374,6601,11891,10160,43.7,600,597,787,348,334,52,77,162,725,759,879,1017,941,840,717,249,550,279,471,496,386,395,230,528,540,589,490,209,53,90,281,362,673,702,490,539,554,789,235,395,297,420,703,649,257,315,0.6127159765997007,0.20901546415128566,0.0038093510498390095,0.14452859280758243,0.3872840234002993,0.17028319235012873,0.14803236484001472,NA,1.3469827586206896e-4,NA,7424,56531,76896,29000,0.15032241423781273,0.09196478741337329,0.06712074303405573,0.2633570176248039,164900,0.08793686583990981,0.11521281511526416,0.08101873212143582,0.11211589923410538,0.12051305711912891,0.20199317154193966,0.20411553012826428,0.10381101780935684,0.05702685244994002,0.0451231890744671,0.074282550521362
48227,"Howard County, Texas",900.7898032732198,3.415517369192444,32290,35.846320509698394,32900,0.5046786316919772,13924,17989,14301,36.7,971,1132,1000,702,514,220,210,718,1369,1437,1560,1319,1386,1387,949,375,606,363,461,554,302,217,237,956,1102,859,575,326,162,34,677,892,1099,1060,1014,857,835,778,334,553,264,425,600,338,246,315,0.6409414679467327,0.0514091049860638,0.013285847011458655,0.4771755961598018,0.3590585320532673,0.1890927164287005,0.1568769202964034,NA,0,21.745041834521228,13314,69649,85870,34939,0.13821418713773115,0.1063118652783134,0.05366776431023611,0.13218963553530752,155600,0.0628332376343204,0.1356324184607013,0.07595387243735763,0.04541571753986333,0.05908314350797267,0.08841116173120729,0.1396640091116173,0.20857061503416857,0.24245444191343962,0.07630979498861047,0.0641372437357631
48229,"Hudspeth County, Texas",4570.5169537465035,0.8164462538050369,3403,0.7445547263992803,4213,0.5531775210084033,2136,2119,1284,37.6,0,18,115,185,283,14,9,144,167,118,92,177,262,207,80,56,28,28,17,38,66,10,5,97,39,120,27,17,0,21,92,74,57,63,112,62,112,27,113,45,53,65,39,19,0,30,0.32089332941522186,0.014986776373787834,0,0.6670584778136938,0.6791066705847781,0.41674167416741675,0.09585958595859587,NA,0,NA,1326,48600,60028,20866,0.17343803345851827,0.13660245183887915,0.08022130013831259,0.25684024713150927,64000,0.052256532066508314,0.31444178900648684,0.1262135922330097,0.13768755516328332,0.1059135039717564,0.18358340688437777,0.17740511915269197,0.14033539276257723,0.07237422771403354,0.02206531332744925,0.03442188879082083
48231,"Hunt County, Texas",840.4221370909827,41.60571361720595,108972,129.6634098397183,102076,0.48366248436374665,41525,53876,55096,36.8,3434,4101,3618,2511,1729,864,975,1780,3410,3628,3728,2991,3445,3093,3145,1514,2100,1331,1535,2012,1405,897,630,3465,3313,3999,2232,1673,954,857,1944,3605,3705,3509,3247,3411,3144,3367,1430,2154,1291,1456,2684,1404,981,1271,0.703446756965092,0.08009396909297802,0.013893477223506956,0.21489924017178724,0.29655324303490804,0.13499154118255666,0.22619297288983964,NA,0.0017967410834142212,31.250976427882186,48421,71938,84608,33010,0.1178423393942843,0.08989138896096675,0.05913468830577886,0.10589930733113291,241700,0.0372536785732855,0.1699669051712981,0.21523871507600761,0.1538747617498024,0.13004974199246896,0.15571103156524568,0.14055599460741017,0.10483008693226721,0.05048579796383246,0.014969085584119753,0.03428478452884571
48233,"Hutchinson County, Texas",887.4244266768803,7.527847233269035,20184,22.7444719722023,21030,0.5102635026932596,9404,10081,10103,39.3,562,639,886,400,439,67,155,285,493,605,761,721,448,587,730,309,295,335,496,312,210,190,156,533,758,765,488,204,93,97,457,555,597,430,907,514,514,569,304,393,89,471,568,218,245,334,0.7037752675386445,0.021502179944510504,0.006292112564407451,0.24831549742370193,0.2962247324613555,0.1405360886492962,0.16771488469601678,NA,0.0075952325309651784,NA,8558,67228,95625,32722,0.13323954983922828,0.09066183136899365,0.035979747926316925,0.31170108161258603,119100,0.039,0.13076692630317555,0.03549655850540806,0.04296951819075713,0.06922320550639134,0.1759095378564405,0.16037364798426745,0.16823992133726648,0.21474926253687315,0.11543756145526057,0.0176007866273353
48235,"Irion County, Texas",1051.543865454203,0.06807637718784798,1409,1.3399345916885719,1403,0.49893314366998576,652,705,704,40.5,31,30,55,34,0,0,0,19,58,51,59,20,35,66,76,22,17,34,17,47,21,4,9,39,30,71,40,15,0,20,8,29,48,61,5,0,42,85,5,29,47,29,34,20,32,15,0.7253371185237757,7.097232079489e-4,0,0.2753726046841732,0.2746628814762243,0.09341199606686332,0.2831858407079646,NA,0.030395136778115502,NA,658,70357,83864,39533,0.1078779276082328,0.08095238095238096,0.004341534008683068,0.23735408560311283,204400,0.011904761904761904,0.1483321504613201,0.08300907911802853,0.07263294422827497,0.10635538261997406,0.245136186770428,0.0946822308690013,0.11932555123216602,0.058365758754863814,0.06355382619974059,0.1569390402075227
48237,"Jack County, Texas",910.9716616447644,9.152403022716708,8882,9.750028869134633,8247,0.4814641835483683,2454,4830,4052,40,263,195,299,142,121,76,23,207,335,532,205,425,381,269,293,150,183,55,135,209,152,92,88,236,288,394,185,78,8,45,156,194,339,120,253,325,196,228,51,190,61,190,166,99,156,94,0.8554379644224274,0.029160099076784508,0.0047286647151542445,0.18689484350371538,0.14456203557757263,0.1882906260136231,0.14498864742134285,NA,0,NA,3089,68079,76875,31491,0.12951575710991545,0.08142857142857143,0.09580318379160636,0.21647861453686695,251200,0.11553918285331548,0.18024596464258263,0.0981369719233797,0.08160587772238258,0.07819469955392286,0.14956704277092628,0.1931251639989504,0.12149042246129625,0.13513513513513514,0.051430070847546576,0.09131461558646024
48239,"Jackson County, Texas",829.4427205840336,27.42853364571573,15152,18.26768699510806,15188,0.5005932762030323,6165,7724,7428,41.7,444,386,623,367,182,32,131,187,535,443,232,779,475,494,412,135,416,215,299,337,213,257,130,552,538,488,329,87,35,125,141,513,413,302,529,492,426,529,223,163,266,146,327,310,245,249,0.6742344244984161,0.06560190073917635,0.014123548046462514,0.3336193241816262,0.3257655755015839,0.1641123274631128,0.16592099000475963,NA,0.002936857562408223,NA,6129,65414,80592,33242,0.1405257173433215,0.1143415057496203,0.05277650298301973,0.14241001564945227,203900,0.06950895819508958,0.16837315130830488,0.10840802390098164,0.11964717598520415,0.09830701379997155,0.14255228339735382,0.1683027457675345,0.10186370749751031,0.12263479869113672,0.07981220657276995,0.05847204438753734
48241,"Jasper County, Texas",938.6550678999284,31.042578961755808,32727,34.86584275650987,31645,0.49159572484931335,10805,16098,16629,42.8,1046,879,1332,720,272,63,112,763,799,835,803,1081,958,1069,1075,396,734,380,478,1056,524,373,350,825,1054,1070,691,199,19,335,656,706,1003,897,1089,1006,974,1449,336,567,487,778,901,672,433,482,0.7407033947505118,0.1528096067467229,0.004491704097534146,0.06991169370855868,0.25929660524948817,0.10497554096337755,0.14027588030496674,NA,0.0027761420038697735,NA,11887,56723,70536,32535,0.20743851611466388,0.19083483610904847,0.13190820047186674,0.17229628743946912,136400,0.05171542072950524,0.1880559085133418,0.1557362348299157,0.11520296526573803,0.17199736952232916,0.16458420517725833,0.17349195910802895,0.10994200992407485,0.0646858372690859,0.02068511986608477,0.023674299037484307
48243,"Jeff Davis County, Texas",2264.555758173397,0.07961658509614716,1865,0.823561086216892,1849,0.49784598815293485,727,990,875,58,55,0,58,69,0,0,0,0,0,50,48,17,108,8,169,4,121,16,33,94,116,3,21,78,0,76,0,0,0,0,0,0,87,80,20,34,10,80,24,37,24,32,158,68,20,47,0.6863270777479893,0,0,0.30134048257372653,0.3136729222520107,0.07586657946370176,0.3590582079790713,NA,0,16.198738170347003,743,59286,110455,50105,0.23891891891891892,0.1736842105263158,0,0.3690398432397126,226200,0.024844720496894408,0.14540540540540542,0.0868713259307642,0.2684519921619856,0.16917047681254083,0.2155453951665578,0.08556499020248204,0,0.05682560418027433,0.026779882429784456,0.09079033311561072
48245,"Jefferson County, Texas",876.7352767657611,235.98710187074226,253878,289.5720141848804,280075,0.5245311853290459,128582,130885,122993,37,8597,8922,9171,5400,2976,1642,2583,4462,9594,9947,9024,9740,8082,7833,7751,3150,4474,3014,3291,4822,3115,1856,1439,8160,8517,8629,5084,2722,1547,1017,4859,7961,8141,7711,7929,6872,6865,7108,3622,4523,2985,3880,5655,3666,2383,3157,0.401625977831872,0.32960713413529336,0.037931604944107015,0.2412182229259723,0.598374022168128,0.14934253198891445,0.19734654165929594,NA,0.004668652634663281,NA,102385,60026,75099,32101,0.19486572774680208,0.16410264749886164,0.06284955068989972,0.13720832878308034,169500,0.08123872709821005,0.2056506134713296,0.12627862109133267,0.12649703323504788,0.0940719303993302,0.11027083105820684,0.1723999854391904,0.1977812966400932,0.1041006879982527,0.03426340504532052,0.034336209093225586
48247,"Jim Hogg County, Texas",1136.173112771179,0.03573954782802082,4727,4.160457545479692,4367,0.48020672971189793,1407,2681,2046,26.1,442,117,197,41,18,11,126,86,577,103,54,172,195,101,141,60,42,56,59,60,5,2,16,292,201,140,97,177,0,0,108,63,140,168,46,121,29,77,92,40,39,62,69,20,26,39,0.3353078062195896,0.0033848106621535857,0.021789718637613708,0.9143219801142374,0.6646921937804104,0.218773373223635,0.1480927449513837,NA,0,NA,1767,42211,46563,19707,0.31427333766515053,0.3401273885350318,0.06308654848800835,0.31677350427350426,129400,0.07505863956215794,0.28973367697594504,0.12393162393162394,0.08867521367521368,0.13194444444444445,0.10950854700854701,0.17735042735042736,0.0827991452991453,0.13942307692307693,0.07051282051282051,0.07585470085470085
48249,"Jim Wells County, Texas",865.1759676106608,3.368112902453602,38850,44.904159910140905,37713,0.49257474236902943,14129,19375,19475,35.7,1374,1647,1454,1072,540,194,320,820,1138,1259,1529,1023,1088,975,906,527,625,437,549,762,572,217,347,1202,1134,1855,871,434,170,238,745,1246,1182,1369,1222,995,1102,1127,493,655,348,531,1028,681,350,497,0.6798455598455598,0.014105534105534105,0.005070785070785071,0.7953410553410554,0.32015444015444017,0.20375302663438258,0.16319612590799032,NA,0,24.30608161223469,15266,51896,60742,26585,0.246558262766897,0.20473454833597465,0.06096295844266797,0.18177336866103888,123600,0.06883048422320957,0.2089110453341642,0.14689752911454804,0.1122065438412718,0.13753157927167417,0.11867644340378335,0.18762708731283506,0.11239139811448641,0.10943372974305256,0.03136360835541315,0.043872080842935486
48251,"Johnson County, Texas",725.0593581900765,9.184185409353248,195597,269.7668787949409,167390,0.4611459914542394,63516,98341,97256,37.1,6235,7651,7164,4886,2352,813,1402,4300,6128,6768,6763,7421,6111,6229,6596,2064,3129,1996,2941,3006,2325,1322,739,5978,7667,6276,4402,2487,941,1215,3581,6048,6744,6929,6452,5980,5956,6049,2369,3075,2337,2849,3768,2827,1804,1522,0.718906731698339,0.05436688701769454,0.012249676631032174,0.25308159123094937,0.28109326830166104,0.12622517485789142,0.2521618439417686,NA,6.9775301723668e-4,NA,91723,84859,94954,35637,0.09998803721984989,0.0715644694597487,0.03608178400370809,0.0747076105994689,285900,0.026241470377211595,0.16349425335048337,0.25145488445674896,0.1976665348324764,0.14620882535736482,0.15142098423639755,0.12198429289790384,0.06096389626532572,0.03620261031696706,0.013362336855189559,0.02073563478162608
48253,"Jones County, Texas",928.6059406452848,8.531268870743803,20304,21.865033499452768,18228,0.4730613516038617,4505,13071,7233,39.3,467,500,480,368,276,113,173,854,1283,1335,1352,1095,1064,814,750,252,327,211,381,457,270,139,110,388,430,530,275,155,46,68,240,341,392,334,614,343,441,404,230,315,219,421,304,321,223,199,0.6333727344365643,0.10140858944050433,0.005713159968479117,0.2864460204885737,0.3666272655634357,0.18733685830935012,0.11993842446958035,NA,0,25.834670947030496,6581,59464,69620,24595,0.14050956293585584,0.11823599523241955,0.055002842524161454,0.16241857830642878,96500,0.05308537616229924,0.1925895202543896,0.09529878221467007,0.06471254602095723,0.07660719342962334,0.09643160577740018,0.1554800339847069,0.11257434154630416,0.14995751911639763,0.12758425375247806,0.12135372415746247
48255,"Karnes County, Texas",747.7523756866827,5.7955152687966125,14968,20.017321892497435,18420,0.5516952198394632,8645,8792,6176,38.1,315,273,625,173,138,277,114,380,922,688,762,1064,370,713,591,186,169,211,201,283,234,78,25,410,358,403,351,163,207,34,62,381,249,446,597,276,329,251,177,246,91,277,266,196,188,218,0.5097541421699626,0.0951362907536077,0.0030064136825227153,0.5338722608230893,0.4902458578300374,0.21937295273748245,0.14300421151146467,NA,0,20.881937436932393,5193,60214,81548,31304,0.19145637757299114,0.13572790845518118,0.02940642584861136,0.2083682008368201,149000,0.09788583509513742,0.15792646172393007,0.1817573221757322,0.15112970711297072,0.14125523012552302,0.12200836820083683,0.1285355648535565,0.03916317991631799,0.09288702928870293,0.059414225941422594,0.08384937238493724
48257,"Kaufman County, Texas",780.7083998072578,26.80584852130589,172604,221.0863877506796,144604,0.45586492143956014,53584,85079,87525,33.8,6646,6778,7557,4353,2306,1065,861,3099,5519,6574,6370,6564,5231,5113,4866,1336,2564,1412,2328,1844,1259,1009,425,6135,6640,7384,4156,1931,1389,1122,2687,5973,7150,7469,6050,5241,5044,4279,1885,2863,1499,1865,2862,1783,1198,920,0.5419920743435842,0.18589372204583904,0.01907835276123381,0.27351046325693495,0.4580079256564158,0.13593253145306236,0.2649523019493986,NA,4.9029221415963913e-05,NA,81584,89485,100533,34359,0.09683365420063081,0.07705891385576086,0.05298119065010957,0.058008498060225386,320900,0.03079035104922534,0.15011963816749344,0.37570663218178457,0.23615370404581562,0.10443377055237392,0.11254387585442453,0.07084795861814151,0.038481433585811936,0.025641973027895806,0.009237021984112323,0.026953630149639755
48259,"Kendall County, Texas",662.4538843423213,0.5779165772196628,48567,73.31378251063757,50108,0.5078084621231315,23356,23820,24747,43.2,1091,1673,1522,1111,549,269,444,862,878,1250,1592,1483,1566,1635,1714,657,931,582,718,1552,851,550,340,1166,1554,1654,1081,459,0,272,831,1320,1190,1291,2020,1580,1625,1819,660,929,655,1116,1161,1015,533,816,0.7516008812568205,0.009368501245701814,0.01647209010233286,0.24368398295138674,0.24839911874317955,0.05260219224778865,0.4889652943077963,NA,0,28.57560519237516,21815,114962,132500,58970,0.050294868041323354,0.03471502590673575,0.04723803003722562,0.07661479206787071,512700,0.02694323882531988,0.10780482708180963,0.2842346328007079,0.2715869463384167,0.1766512257325769,0.09420704731171603,0.08161140894186228,0.02305730494977359,0.012387446000104095,0.011971061260604798,0.04429292666423776
48261,"Kenedy County, Texas",1458.5619095532488,487.2328790712544,145,0.09941298963745246,411,0.7392086330935251,322,77,68,54.8,0,2,7,0,2,0,0,0,0,2,20,4,0,9,0,0,7,3,0,18,1,1,1,0,11,0,0,0,0,0,0,6,1,10,0,0,0,5,0,2,16,8,0,1,0,8,0.2,0.006896551724137931,0.006896551724137931,0.8827586206896552,0.8,0.4715447154471545,0.13008130081300814,NA,0,NA,56,38882,NA,22892,0.1527777777777778,0,0,0.5669291338582677,NA,0.16363636363636364,0.2482758620689655,0.15748031496062992,0,0.05511811023622047,0.03937007874015748,0.06299212598425197,0.11023622047244094,0.28346456692913385,0.10236220472440945,0.1889763779527559
48263,"Kent County, Texas",902.5068961709475,0.41127410628929556,734,0.813290184389871,697,0.48707197763801535,233,393,341,60,13,22,39,10,9,16,0,0,20,12,27,26,14,10,38,40,18,12,10,37,5,6,9,4,0,0,1,4,0,4,7,5,12,5,16,12,2,38,18,18,16,30,29,61,30,29,0.8501362397820164,0.009536784741144414,0,0.16076294277929154,0.14986376021798364,0.12231404958677686,0.2628099173553719,NA,0,NA,270,72889,91250,38774,0.09852941176470588,0.01639344262295082,0.0847457627118644,0.4110898661567878,122200,0.048701298701298704,0.03823529411764706,0.0745697896749522,0.14340344168260039,0.06883365200764818,0.08604206500956023,0.18164435946462715,0.11663479923518165,0.12619502868068833,0.022944550669216062,0.17973231357552583
48265,"Kerr County, Texas",1103.3329799211424,3.949901698386247,53489,48.47947172196645,54232,0.5034487240185294,24071,26087,27402,48.8,1201,1315,1478,992,754,302,241,908,1332,1413,1484,1148,1319,1407,1588,859,1149,922,1074,1890,1436,877,998,1202,1267,1396,824,672,378,248,790,1315,1403,1362,1306,1311,1575,1681,915,1410,1094,1305,2038,1798,989,1123,0.7391987137542299,0.01589111779992148,0.011553777412178204,0.2680364187029109,0.26080128624577015,0.09718883631487057,0.31322587991194556,NA,0.0011145404663923182,NA,23328,69395,91236,40492,0.11357486323904452,0.07228175551156918,0.032874740041593346,0.11770443196004994,321200,0.061817377846562015,0.1728100482944242,0.13186641697877652,0.16732990012484394,0.14325842696629212,0.19967228464419476,0.16116573033707865,0.07120006242197253,0.046660424469413236,0.04322721598002497,0.03561953807740324
48267,"Kimble County, Texas",1250.9803280941842,0.19517812437741025,4389,3.5084484555296376,4232,0.49089432780419906,1860,2161,2228,47.4,73,131,96,66,29,33,0,78,144,91,95,149,118,142,151,46,96,43,140,235,81,117,7,144,52,63,121,23,10,28,70,149,57,49,216,190,81,91,46,90,142,108,221,110,68,99,0.7398040555935292,0.014126224652540442,0,0.2647527910685805,0.26019594440647076,0.20373665480427047,0.27105575326215897,NA,0,NA,2017,69455,95250,39915,0.11681702521397178,0.05596107055961071,0.012682926829268294,0.2540204678362573,201300,0.0514453699167075,0.13681306047367212,0.11513157894736842,0.16045321637426901,0.11257309941520467,0.125,0.13121345029239767,0.11842105263157894,0.05921052631578947,0.06359649122807018,0.11440058479532164
48269,"King County, Texas",910.8731658216177,2.469621480871726,211,0.23164586236292917,242,0.5342163355408388,131,103,108,49.4,9,11,0,0,0,0,0,0,13,0,14,2,9,7,1,0,4,0,12,14,5,2,0,7,0,4,0,0,0,0,0,33,0,0,8,1,0,3,20,0,9,8,0,0,2,13,0.6919431279620853,0,0,0.16587677725118483,0.30805687203791465,0.1111111111111111,0.3888888888888889,NA,0,NA,100,46645,NA,31129,0.23696682464454977,0.15306122448979592,0,0.4126984126984127,52100,0.06306306306306306,0.07582938388625593,0.026455026455026454,0.1164021164021164,0.015873015873015872,0.14285714285714285,0.15873015873015872,0.24867724867724866,0.07407407407407407,0.13227513227513227,0.08465608465608465
48271,"Kinney County, Texas",1360.5334264096975,4.588950605176549,3157,2.320413404565139,3213,0.5043956043956044,1600,1864,1293,50.3,0,85,34,4,0,17,73,12,177,206,223,56,64,276,147,8,98,44,60,31,93,118,38,66,0,27,14,61,0,0,208,33,0,41,36,88,139,35,33,60,104,63,109,50,80,46,0.6312955337345582,6.335128286347799e-4,0,0.5745961355717454,0.36870446626544184,0.17136150234741784,0.11815336463223787,NA,6.476683937823834e-4,NA,1544,70000,74329,30926,0.08386638237384506,0.08450704225352113,0.009305210918114143,0.22267206477732793,82000,0.051215277777777776,0.21748400852878466,0.002699055330634278,0.047908232118758436,0.24426450742240216,0.28205128205128205,0.26450742240215924,0.010796221322537112,0.0620782726045884,0.008097165991902834,0.07759784075573549
48273,"Kleberg County, Texas",881.3061855885046,208.89736130051568,30579,34.6973622789002,30106,0.49610282606904504,12953,15255,15324,29,1036,540,1531,592,674,489,221,1578,1240,897,1091,745,671,684,734,457,246,152,245,670,365,202,195,1011,982,1114,557,956,612,438,1149,1081,825,988,713,659,710,728,372,206,206,314,673,435,394,201,0.42123679649432616,0.03790182805193106,0.012917361588017921,0.7137251054645345,0.5787632035056738,0.15006725539505233,0.2321773203111293,NA,7.448234768359899e-4,NA,13426,61292,73829,26395,0.2809489025705242,0.19336121980839294,0.07501024730154393,0.1540822152440765,161300,0.05880367839365561,0.162050185438872,0.12831858407079647,0.10112760491007708,0.11632886097630603,0.09035112760491008,0.17385098487011133,0.1191835569511847,0.1692121039109335,0.04567513559805881,0.05595204110762204
48275,"Knox County, Texas",850.6211661984535,4.860127923372618,3307,3.887747132815248,3406,0.5073737524206763,1556,1626,1681,41.2,87,175,156,41,19,27,20,41,92,56,108,84,89,117,140,64,63,26,23,97,26,40,35,74,122,80,124,22,16,20,10,84,72,126,119,90,112,102,11,125,22,68,91,73,20,98,0.6806773510734805,0.04898699727850015,0.0030238887208950713,0.3353492591472634,0.3193226489265195,0.14562252529696437,0.1350637923449186,NA,0,16.59727207465901,1457,56667,67847,26665,0.15741611790529947,0.11852704257767549,0.012794612794612794,0.3093126385809313,77300,0.07463884430176565,0.17748510504860457,0.029379157427937917,0.02827050997782705,0.050997782705099776,0.15022172949002216,0.1557649667405765,0.2156319290465632,0.1369179600886918,0.10643015521064302,0.12638580931263857
48277,"Lamar County, Texas",907.3315609956494,25.77135531129874,50669,55.84397388800075,52835,0.5104633637347349,24765,24639,26030,39.7,1655,1769,1826,1095,558,306,342,569,1723,1708,1376,1103,1646,1468,1125,694,1192,489,910,1444,797,522,322,1555,1965,1400,929,460,338,406,1016,1388,1698,1388,1660,1492,1580,1682,751,906,702,1015,1311,995,557,836,0.7506956916457794,0.12129704553079793,0.009275888610392942,0.09613373068345536,0.24930430835422057,0.11424013921113689,0.21574825986078885,NA,3.5399796451170406e-4,NA,22599,61880,80460,33256,0.1896855951235162,0.1565854741985637,0.04040277429598061,0.12289695057833859,200700,0.07093261401668415,0.19302339496200563,0.15282159130739573,0.1463371889239397,0.14129863301787593,0.18156326673676831,0.16881352961794602,0.0892043463021381,0.04692429022082019,0.026682439537329128,0.04635471433578689
48279,"Lamb County, Texas",1016.1813823075628,1.5342789233000307,12828,12.623730589188664,11402,0.47057366900536524,4289,6501,6327,37.1,491,496,511,373,211,33,40,326,394,327,401,383,365,337,401,169,249,162,212,199,210,141,70,378,521,417,302,141,73,154,227,299,362,341,432,334,360,343,136,304,228,96,334,235,174,136,0.6837386966011849,0.03687246647957593,0.00787340193327097,0.5829435609603991,0.3162613033988151,0.21231866240472091,0.1432259650848291,NA,0.004899387576552931,NA,5715,60760,74535,28888,0.15028671551449507,0.09332905708787684,0.020574732188403333,0.20526762956669498,82400,0.031858028650844555,0.2507127019322141,0.0475785896346644,0.049447748513169076,0.04265080713678845,0.10246389124893798,0.14783347493627869,0.27000849617672046,0.1804587935429057,0.08377230246389125,0.07578589634664401
48281,"Lampasas County, Texas",712.5284155756706,1.0617435293136492,22715,31.87943035457463,19755,0.46515187190958324,6464,11319,11396,43.8,581,632,728,458,507,125,56,267,482,610,803,652,645,797,763,268,695,313,346,643,552,258,138,524,592,777,537,219,65,160,376,499,569,746,690,814,640,695,551,429,308,471,662,531,191,350,0.7681267884657715,0.0401056570548096,0.01179837112040502,0.20501871010345588,0.23187321153422846,0.08093848923096021,0.2426913289057166,NA,0.003926146010186757,NA,9424,81736,100762,38395,0.0912,0.06837318962613674,0.043778110944527736,0.150035457400466,250400,0.03265792610250298,0.12941282016776567,0.1634079627190761,0.1819471178198764,0.15965960895552628,0.12714010738526998,0.11062708945395604,0.05571877216087529,0.08742781886333705,0.027251544929591733,0.08681997771249114
48283,"La Salle County, Texas",1486.7040874320653,7.530436048352348,6839,4.600108426292671,9174,0.5729095110222944,4543,4039,2800,35.5,87,204,245,289,321,13,223,168,278,365,207,416,135,269,180,51,89,20,105,75,51,182,66,52,229,177,218,34,68,73,161,151,26,322,190,185,79,35,60,142,89,47,68,277,63,54,0.3329434127796461,0.058488083053077934,8.77321245796169e-4,0.7179412194765317,0.6670565872203539,0.31681084872574233,0.11807341594575638,NA,0.010416666666666666,NA,2208,57716,51997,18745,0.21446121446121447,0.1902800658978583,0.018165706690296855,0.2747688243064729,97800,0.07043108682452945,0.17532467532467533,0.12461470717745486,0.17261118450022017,0.10612065169528842,0.15015411712901805,0.1567591369440775,0.033905768383971815,0.10744165565830031,0.03126376045794804,0.11712901805372083
48285,"Lavaca County, Texas",969.7092090774166,0.7267276914024312,20552,21.193982492497124,19580,0.4878899631216984,8150,10097,10455,42.9,653,630,725,447,177,32,124,304,562,529,666,588,473,518,571,341,504,215,355,709,453,205,316,582,680,652,457,226,54,81,389,492,602,515,608,465,603,633,259,460,232,302,897,527,346,393,0.7401226158038147,0.036444141689373294,0.0034546516154145583,0.2009050214091086,0.25987738419618533,0.11569844480089267,0.22226096659460212,NA,0,26.21425109064469,9122,63240,86739,35997,0.11451861424524082,0.08637814827953175,0.0305137519460301,0.19414337326487927,228300,0.029966965549787637,0.10549843540455968,0.1555428788743107,0.08832477657349307,0.08746910058946568,0.1319642517588895,0.13472142992964442,0.09488495911770299,0.11095265259555048,0.0752044114850732,0.12093553907586994
48287,"Lee County, Texas",629.0394932331733,5.066649729651257,17971,28.56895344937982,16237,0.47465505144995324,6315,9029,8942,42.6,473,494,509,480,218,91,45,529,494,205,701,692,643,375,826,136,500,285,337,353,273,143,227,596,521,397,354,371,55,78,262,369,521,270,890,454,580,755,169,340,277,532,340,430,193,188,0.658394079350064,0.09632185187246119,0.0026153246897779757,0.2656502142340437,0.341605920649936,0.1658665386461834,0.2088334133461354,NA,0,32.4783103399232,8049,76371,84509,35518,0.11333028988815338,0.11536307634870263,0.06510832383124288,0.12492168901140208,267800,0.032073310423825885,0.16092216388952293,0.14471870692895628,0.21037463976945245,0.17504072171407092,0.15662197719584012,0.09998747024182433,0.061145219897255985,0.04648540283172535,0.01678987595539406,0.08883598546548052
48289,"Leon County, Texas",1073.1563339289603,7.462730715354666,16263,15.154362403527092,15995,0.4958459916919834,5902,8115,8148,44.6,451,376,815,284,160,64,24,286,413,453,495,356,460,420,311,388,403,277,453,411,367,315,133,394,429,545,405,158,54,112,165,506,391,355,489,459,416,587,343,297,216,530,350,425,278,244,0.759392486011191,0.07181946750292074,0.0014757424829367274,0.16675890057185022,0.24060751398880897,0.12615891170609134,0.185512520578806,NA,4.8622366288492705e-4,NA,6170,61449,75095,33192,0.16399925848112218,0.12808940468514937,0.04147812971342383,0.25653468622477116,186400,0.029817534490431688,0.1715859167130747,0.16631741480092643,0.18583875592809088,0.161905812286313,0.19069151869416565,0.1357670673872284,0.05514503143266792,0.03242527848240873,0.029998897099371348,0.04191022388882762
48291,"Liberty County, Texas",1158.461615266171,17.892082511579204,103380,89.23903790825831,89376,0.4636742825126066,23531,51296,52084,32.9,3914,4365,4769,2796,1476,800,517,2293,3278,3433,3032,3399,3093,3057,3193,911,1350,791,1332,1485,1191,501,320,3949,4592,4088,2473,1226,326,363,2469,3911,3741,3149,3761,3276,3139,2862,827,1647,767,1432,1659,1132,690,605,0.5676920100599729,0.07596246856258464,0.005629715612304121,0.3958309150706133,0.43230798994002706,0.2218092878470237,0.11852804777333079,NA,0,39.937401743604404,37535,68703,77075,27195,0.18656036679595953,0.1586942328618063,0.07107318831871169,0.13670717864953905,181700,0.051310008658563964,0.26164542530233315,0.25209711801998835,0.17532737188892888,0.17366628830874006,0.1187674759834999,0.14761496082611222,0.05835940311730019,0.03981063647185847,0.019573101519891476,0.014783643863680408
48293,"Limestone County, Texas",905.4301336531289,27.733804558167837,22283,24.610402472574034,21736,0.4937867738930916,7904,11311,10972,41.9,748,762,694,440,239,152,236,259,796,776,526,739,658,642,653,216,675,296,417,598,426,135,228,536,752,733,322,257,101,111,223,533,797,681,478,685,676,841,210,479,335,401,761,400,372,288,0.591302786877889,0.17102724049724005,0.009828120091549613,0.2352914778081946,0.40869721312211105,0.1417483140348645,0.1853289222547398,NA,5.916459590580997e-4,NA,8451,60573,68121,28496,0.17065116279069767,0.1088660512105905,0.03723887375113533,0.1966867758307,164200,0.03528430087018715,0.17689114391143912,0.10830221200804367,0.1520635832615149,0.11950588911232404,0.1715024418270612,0.17351335823039357,0.09901369338312746,0.07373360145552045,0.03408982093268218,0.06827539978933257
48295,"Lipscomb County, Texas",932.213834581473,0.11534454985891826,2918,3.1301831100909014,2786,0.4884291725105189,1013,1361,1557,36.3,132,120,135,57,21,21,21,32,56,68,79,120,87,57,60,27,48,24,49,77,23,27,20,81,75,197,103,23,14,8,84,79,90,96,83,83,66,51,42,60,39,46,73,83,27,54,0.7090472926662097,3.427004797806717e-4,0,0.386223440712817,0.2909527073337903,0.15663322185061315,0.22352285395763657,NA,0,NA,1145,72560,81719,32221,0.11464522894092974,0.11686586985391766,0.06495589414595028,0.2842178770949721,124300,0.021463414634146343,0.18108862526168876,0.05865921787709497,0.061452513966480445,0.024441340782122904,0.16410614525139663,0.2590782122905028,0.14594972067039105,0.07891061452513966,0.07402234636871509,0.13337988826815642
48297,"Live Oak County, Texas",1039.6947429872262,39.18312285616767,11620,11.176357366791807,12032,0.508709622864874,4236,6276,5344,39.7,363,279,350,135,115,26,100,267,378,737,393,510,331,388,390,132,191,287,175,180,240,205,104,309,262,300,256,129,24,3,168,240,729,284,153,357,227,353,251,114,271,105,271,280,148,110,0.6974182444061963,0.022547332185886403,0.007228915662650603,0.42263339070567985,0.30258175559380374,0.203655964377783,0.15924537145535506,NA,0,NA,3824,57150,74196,29903,0.1706250621087151,0.14996544574982723,0.058823529411764705,0.27318212141427617,159200,0.09407985314364388,0.18294743118354367,0.133422281521014,0.1484322881921281,0.13375583722481654,0.17011340893929286,0.1954636424282855,0.1037358238825884,0.06020680453635757,0.031020680453635756,0.023849232821881255
48299,"Llano County, Texas",934.065431191187,31.791003664881845,22424,24.006883512864096,20882,0.4821964623839653,7293,10693,11731,57.4,293,254,686,315,100,83,69,348,480,351,546,353,526,636,745,353,601,423,653,1086,683,599,510,618,466,527,305,182,185,29,222,376,524,371,530,479,589,713,532,738,439,777,1218,883,554,474,0.874331073849447,0.0028986799857295756,0.006332500891901534,0.13356225472707814,0.12566892615055303,0.0935632961334686,0.32358245970014654,NA,2.2637238256932655e-4,NA,8835,67530,91008,51844,0.12004509582863584,0.09128749820582747,0.0436486915986863,0.3181530276159108,356500,0.041616349280074315,0.1584488033111391,0.15030402837598175,0.18748416518875094,0.1621484671902711,0.17069926526475804,0.15543450722067392,0.10007600709399544,0.03908031416265518,0.009880922219407144,0.024892323283506462
48301,"Loving County, Texas",668.8177910476805,7.714772037553842,33,0.04934079272668063,496,0.9376181474480151,489,27,6,86.2,0,0,0,0,0,0,0,2,0,0,0,0,0,0,0,0,0,3,1,0,0,2,19,0,0,0,0,0,0,0,0,0,0,0,0,0,0,0,1,3,0,0,0,0,0,2,0.9393939393939394,0,0.06060606060606061,0,0.06060606060606055,0.0967741935483871,0,NA,0,NA,26,51250,NA,53812,0.06060606060606061,0,0,0.18181818181818182,NA,0.07407407407407407,0,0.09090909090909091,0.06060606060606061,0.06060606060606061,0.06060606060606061,0,0.06060606060606061,0.09090909090909091,0,0.5757575757575758
48303,"Lubbock County, Texas",895.6041834942864,5.098277289315626,318884,356.0546119334137,324208,0.5041393766366243,160945,157263,161621,31.9,10118,10920,10532,6539,6927,4331,5257,10047,12181,10818,10692,9668,8020,7539,6075,4000,4969,2417,3972,5358,3427,1674,1782,9831,10028,10498,6506,7010,4169,4805,9645,11817,10955,10417,9662,8269,8025,7793,3651,4856,2679,4707,6262,3575,2792,3669,0.629780735314409,0.07390461735301865,0.024253333500583285,0.3623762873019656,0.37021926468559097,0.10765643826184924,0.3344182431762822,NA,0.005584079269507328,17.146619172690038,155621,64155,83971,35808,0.17146496815286624,0.11185623028600207,0.049266197064788256,0.09414829486737858,214100,0.05800752624282036,0.13860245809060512,0.18396916982431966,0.14635004018831094,0.10637702376851534,0.1256315306005282,0.14889769204271444,0.12144046388793202,0.10969255942128832,0.03245206108623263,0.02518945918015846
48305,"Lynn County, Texas",891.8669924339417,1.6099371888981726,5752,6.449392172595776,4723,0.45088305489260144,1480,2970,2782,37.3,235,315,174,117,96,9,32,81,193,159,276,189,173,131,181,39,125,89,97,85,102,36,36,145,249,190,174,32,59,33,57,165,167,249,187,114,171,198,55,67,66,85,97,116,53,53,0.618567454798331,0.017906815020862308,0.004867872044506259,0.4120305980528512,0.381432545201669,0.14677677144379328,0.2677144379328716,NA,0,NA,2509,73679,85349,37797,0.15207858270478863,0.13670411985018727,0.0369811320754717,0.16739389131297105,147300,0.037160552644116246,0.12925289372150123,0.1182070606902023,0.042840142800476,0.02895676318921063,0.09956366521221738,0.11463704879016264,0.21816739389131298,0.2149940499801666,0.07774692582308608,0.08488694962316541
48307,"McCulloch County, Texas",1065.6008954481642,7.832543239582577,7514,7.051420500955759,7229,0.49033439598453504,2961,3693,3821,44.5,159,128,363,166,9,65,39,128,252,210,199,270,180,146,200,209,187,78,118,258,139,137,53,194,185,220,232,101,49,21,89,197,177,249,101,224,267,231,105,184,117,143,345,253,98,39,0.6901783337769497,0.009449028480170348,0.0013308490817141336,0.3046313548043652,0.3098216662230503,0.13566902720834886,0.23928438315318673,NA,0,20.790346352247607,3246,54043,80978,34124,0.15333423876137445,0.11668372569089049,0.09040641415537738,0.21853519791419768,150500,0.043069457082195936,0.19835379840777223,0.06731452950936241,0.06589239156198151,0.09954965631666271,0.13059966816781227,0.15264280635221616,0.11519317373785257,0.07608438018487794,0.1360511969661057,0.1566721972031287
48309,"McLennan County, Texas",1036.6902638158942,23.55314773659183,266067,256.65042808509565,273343,0.5067444059249921,130835,130587,135480,34,8661,9298,9189,5791,5397,3152,3360,7167,9099,8268,8533,7244,6714,6757,6672,3239,4061,2817,3577,4657,3186,2207,1541,8100,8381,9025,5291,5871,2942,2325,7804,8933,8406,8469,7970,7135,7109,7395,3360,4178,3018,4039,5600,4513,2587,3029,0.5874009178139341,0.13940097794916317,0.017270086106131163,0.2697102609493098,0.4125990821860659,0.1194732005379976,0.28685496582741477,NA,0.0037552909945855824,21.175673249551167,123559,66643,86544,35149,0.16581612777561355,0.10544164285489999,0.0444727774995067,0.10249506703302783,243600,0.05268240563808584,0.14172556015521962,0.17037638076972725,0.12374831725893005,0.10731738801703948,0.1418112748261936,0.14157154185184503,0.10166522212182123,0.12672653844026038,0.03675290906743873,0.050030427646744244
48311,"McMullen County, Texas",1139.799322236242,16.98275204363881,700,0.6141431972661883,1135,0.6185286103542235,666,276,424,31.8,14,51,16,5,0,0,0,0,0,33,41,18,0,14,13,1,11,9,19,21,0,0,10,81,76,19,17,24,0,0,8,15,38,34,0,7,22,12,2,7,8,11,33,0,9,1,0.43714285714285717,0,0,0.6214285714285714,0.5628571428571428,0.14395886889460155,0.20051413881748073,NA,0,NA,231,43875,45250,22183,0.12285714285714286,0.12352941176470589,0,0.4051724137931034,97100,0.033816425120772944,0.15,0.12931034482758622,0.1724137931034483,0.16091954022988506,0.08908045977011494,0.04597701149425287,0.11781609195402298,0.15517241379310345,0.04310344827586207,0.08620689655172414
48313,"Madison County, Texas",466.0652705726822,6.368081242075253,13648,29.283452043594426,13258,0.4927525459005426,4732,7879,5769,36.8,495,508,342,264,243,155,132,569,615,622,708,804,337,451,343,131,166,121,125,317,264,82,85,308,383,501,236,93,91,3,128,417,391,542,309,305,255,249,169,274,213,151,262,207,181,101,0.5920281359906213,0.1546746776084408,0.011356975381008206,0.2617966002344666,0.4079718640093787,0.16635859519408502,0.1835381102533435,NA,0.009957048028114018,28.86173491853809,5122,74596,88091,28258,0.10892653383656631,0.10470156718906302,0.07108753315649867,0.17270413158410025,176200,0.036923076923076927,0.12897851819377465,0.14626982572939104,0.17172508321911104,0.08928921088701781,0.17309575093009594,0.13824162913647933,0.08693949481104367,0.057372234188368905,0.08224006265909536,0.05482670843939691
48315,"Marion County, Texas",380.90150108803596,39.42083554055077,9737,25.563039190411416,8128,0.45496781416176885,2085,4849,4888,51.3,163,368,124,184,94,100,59,124,300,174,161,317,218,304,432,142,378,176,222,331,175,220,83,236,345,168,61,171,21,171,19,235,215,192,220,231,274,385,248,285,166,322,337,176,252,158,0.7039129095203862,0.21926671459381739,0.0016432165964876246,0.04806408544726302,0.2960870904796138,0.13385182153090464,0.15595579205894392,NA,0,33.93359594822735,3694,49672,75757,30729,0.18322594055289962,0.11268191268191269,0.08683068017366136,0.2518228703539036,101500,0.08081768481102923,0.14331739763043028,0.11203983638627067,0.1387159879068113,0.12644495820736262,0.13426996265338786,0.2034501155966566,0.12235461497421306,0.06740174284189934,0.0407255913213587,0.05459719011203984
48317,"Martin County, Texas",914.9558175559115,0.7458845369167734,5218,5.703007620563204,6145,0.5407902842559184,3274,3042,2176,37.3,161,303,258,363,150,38,0,23,121,97,206,337,100,241,123,117,110,61,82,96,41,14,0,59,125,182,107,9,11,9,48,72,335,102,153,175,175,180,96,62,80,10,79,35,18,54,0.6717133001149865,0.02798006899195094,9.582215408202376e-4,0.47681103871215025,0.32828669988501347,0.17645314353499406,0.20937129300118623,NA,0.007243289305496378,NA,2347,93734,105720,43083,0.08318756073858115,0.03519798868636078,0.053696498054474705,0.07587822014051522,174800,0,0.17083575722319178,0.17470725995316158,0.11428571428571428,0.02810304449648712,0.08758782201405152,0.14800936768149883,0.20421545667447308,0.11662763466042154,0.06088992974238876,0.06557377049180328
48319,"Mason County, Texas",928.8360031011727,3.3804407587988825,3955,4.258017547548924,3679,0.4819229761592874,1192,2027,1928,52.7,131,178,71,69,41,4,103,5,78,69,114,112,80,69,42,106,134,41,101,143,119,115,102,91,122,23,73,0,0,21,60,0,67,121,167,62,90,147,45,68,27,240,195,49,112,148,0.8445006321112516,5.056890012642225e-4,0.00202275600505689,0.18938053097345134,0.1554993678887484,0.18089773877826526,0.3884576442794465,NA,0,NA,1468,74180,85617,34261,0.06992652647580441,0.011494252873563218,0.03032300593276203,0.29588477366255145,293600,0.03331385154880187,0.13503927033189764,0.043621399176954734,0.19588477366255144,0.06995884773662552,0.148559670781893,0.11152263374485596,0.08930041152263374,0.0448559670781893,0.12222222222222222,0.17407407407407408
48321,"Matagorda County, Texas",1093.1224349302004,519.3900601083866,36329,33.23415460073302,37736,0.5094984135556606,16775,17781,18548,37.8,865,1394,1185,770,304,86,298,797,1158,1325,1254,952,917,881,1048,447,888,331,764,1021,648,305,143,1632,1139,1415,884,337,324,167,494,923,1305,1209,863,989,1018,1248,348,858,360,650,922,715,447,301,0.5254479892097222,0.10322332021250241,0.017892042170167086,0.43736408929505355,0.47455201079027776,0.18978463569601453,0.22155293341034737,NA,0.008263925039042165,NA,15368,58628,70266,32494,0.2072753566760297,0.16771765663140764,0.08684733091928513,0.18989400776576765,172900,0.05971889371073256,0.17867563286742436,0.12949942281456606,0.11255115961800818,0.08474131598278938,0.15694196662818763,0.20600272851296045,0.10809109035575612,0.10331619267499213,0.035260782873334034,0.06359534053940602
48323,"Maverick County, Texas",1279.4762717047338,12.302360474257023,58082,45.395136498008966,55077,0.4867222227131735,19039,29073,29009,30.3,2616,2089,3144,1433,940,620,441,1339,2429,1953,1467,1930,1515,1691,1348,333,765,361,714,753,566,286,340,2383,2873,1941,1419,906,505,379,1265,2047,1752,1629,1639,1747,1761,1162,534,1112,711,560,953,577,672,482,0.17213594573189628,0.001773354912020936,0.004648600254812162,0.9477807238042767,0.8278640542681037,0.32492823108112107,0.14270916570481518,NA,0,21.821580940511,22044,49568,58474,21211,0.22783952761375478,0.20149918361288408,0.07653270033559793,0.115676204450966,158700,0.06554203539823009,0.23383585170792637,0.21599413059427733,0.23609684519442406,0.18400586940572267,0.13450721447786745,0.11000244558571778,0.045145512350207875,0.025189532893127906,0.01335289801907557,0.03570555147957936
48325,"Medina County, Texas",1325.3612379671258,9.172346358361507,53547,40.40181534366571,46011,0.4621527150003013,14587,27968,25579,39.8,1507,1698,1776,1134,776,266,298,1695,1732,1629,1997,1531,1977,1754,1737,938,1014,787,1081,909,839,438,455,1443,1742,1581,1089,601,236,249,976,1318,1506,1722,1421,1570,1708,1550,504,1379,567,1088,1206,694,674,755,0.5821614656283265,0.02926401105570807,0.00909481390180589,0.5150241843614022,0.4178385343716735,0.1398574561403509,0.2311951754385965,NA,8.588346969217556e-4,NA,22123,78074,95781,32983,0.09633881172990656,0.062276785714285715,0.030297806318148515,0.10487682252388135,239600,0.03465513367782521,0.11641247528241674,0.23665158371040723,0.18582202111613877,0.17893413775766717,0.10477626948215184,0.08642533936651584,0.06601307189542484,0.05153343388637506,0.03433886375062846,0.055505279034690796
48327,"Menard County, Texas",902.0265653740481,0.23689646438516318,1955,2.167341933204938,1845,0.4855263157894737,623,965,990,59.5,65,51,43,61,0,0,0,1,34,103,0,52,39,10,37,23,113,0,42,86,112,44,49,19,43,122,13,15,0,0,8,35,34,54,0,54,47,78,56,92,16,0,77,78,101,48,0.7514066496163683,0.004092071611253197,0,0.2572890025575448,0.24859335038363173,0.178335535006605,0.23976221928665786,NA,0,NA,733,53043,92813,34742,0.1885804085908853,0.11693548387096774,0.107981220657277,0.3188720173535792,108500,0.010615711252653927,0.23624934520691462,0.06941431670281996,0.08821402747650037,0.09255242227042661,0.14099783080260303,0.13232104121475055,0.06073752711496746,0.06724511930585683,0.11352133044107014,0.23499638467100506
48329,"Midland County, Texas",900.3575777185068,1.6420736312291795,174801,194.1461973840918,199537,0.5330396593452975,110715,89020,85781,32.8,7551,7927,6804,3891,2284,1054,975,3378,6932,7641,7776,6980,4992,4355,3938,2334,1920,1624,1678,2159,1084,729,1014,6948,7408,6639,3759,1978,917,822,3426,6653,7218,6601,6070,4785,3908,4092,1988,2075,1602,2063,2394,1692,1467,1276,0.5592073271892037,0.0720934090766071,0.024010160124942077,0.45961407543435107,0.44079267281079626,0.14461665443873808,0.3103448275862069,NA,0.0022796264204049824,21.73510991035245,85979,92874,111503,49746,0.11347824831846656,0.08852387209811652,0.03346140644204046,0.06974409746572612,312700,0.04354702812966549,0.14515515053639405,0.30199524222048046,0.11404920039052294,0.0991708262860443,0.16033441964715428,0.10102718534713914,0.06191988779340786,0.1252561087963918,0.026497806746146334,0.009749322772712897
48331,"Milam County, Texas",1016.3558418031281,4.568128500981472,25567,25.1555596459615,21913,0.46152064026958717,7418,12796,12771,41.4,751,857,824,634,295,73,285,497,690,666,992,511,762,681,774,504,425,348,512,763,429,292,231,667,634,965,446,165,250,177,291,679,732,871,613,691,827,835,372,543,421,597,798,663,297,237,0.6910079399225564,0.08327140454492118,0.0050455665506316735,0.2596315563030469,0.3089920600774436,0.11179319666591575,0.20550799729668845,NA,0,31.624449339207047,11072,66141,81412,35880,0.12943807660050322,0.09365214916026189,0.04952810490269774,0.12790997336998539,189800,0.0553585500394011,0.15658320354618427,0.163302121810841,0.13461042865733183,0.10686367150588437,0.13555536465939352,0.17584399965638692,0.07705523580448415,0.1190619362597715,0.02826217678893566,0.05944506485697105
48333,"Mills County, Texas",748.2246238206509,1.5535044950015213,4511,6.028938177636459,4551,0.5022070183182521,2028,2320,2191,47.9,62,130,220,143,80,0,33,39,106,89,102,111,167,133,150,61,126,78,75,205,151,29,30,39,99,158,79,51,4,18,61,136,69,115,129,163,155,100,112,103,125,65,115,122,66,107,0.7701174905785857,0.006650410108623365,0.006650410108623365,0.20993127909554424,0.2298825094214143,0.11593323216995448,0.27890743550834596,NA,0,24.959546925566343,1988,67620,77244,37094,0.07199074074074074,0.06750392464678179,0.03190476190476191,0.30727762803234504,223700,0.022234574763757644,0.1083314207023181,0.10281093569503273,0.12167886022333461,0.14709279938390452,0.08394301116673085,0.15325375433192145,0.08394301116673085,0.0843280708509819,0.07239122063919907,0.15055833654216402
48335,"Mitchell County, Texas",911.0931961846927,4.818654758245984,9018,9.89799949968226,7985,0.46962300770452275,2711,5727,3291,36.7,298,288,313,211,155,232,104,401,482,685,290,381,479,331,191,84,212,41,160,171,95,76,47,104,245,216,172,61,93,3,52,95,194,167,213,294,199,240,47,169,94,115,163,137,56,162,0.6136615657573742,0.08471944998891107,0.009647371922821025,0.3881126635617654,0.3863384342426258,0.16112026359143328,0.11499176276771005,NA,0.004540598290598291,NA,3744,60550,90500,28978,0.13802151666229337,0.05039193729003359,0.053039779834876156,0.25277702519642375,85800,0.02973168963016679,0.17528207819469954,0.03684638309401246,0.041452180980764024,0.023570848008669737,0.11839609861826063,0.17800054185857492,0.11081007856949336,0.21511785424004334,0.1406123001896505,0.13519371444053102
48337,"Montague County, Texas",930.9057072851302,7.36967082472969,21046,22.608089987307114,18464,0.46732472791698304,5548,10402,10644,44.2,467,717,852,470,214,114,83,289,595,573,431,763,686,588,579,290,592,301,349,580,333,294,242,462,511,881,428,183,121,107,274,589,590,394,760,590,715,737,318,490,294,305,787,332,420,356,0.8980803953245272,6.652095410054167e-4,0.0016630238525135418,0.1228737052171434,0.10191960467547279,0.1217642708263296,0.18866402205338534,NA,0.0017220172201722018,NA,8130,64545,81919,33660,0.1419078345451919,0.11584089323098395,0.0705736224028907,0.17491302667182065,206400,0.0563363785429843,0.14471403812824957,0.15838809431774256,0.1199265558562041,0.0991495941244685,0.10494781600309239,0.17916505604947816,0.11335523772709702,0.07943563973714728,0.0571124855044453,0.0885195206803247
48339,"Montgomery County, Texas",1042.1785378928396,34.70559207224126,684432,656.7320042723578,635672,0.48153175810390697,273753,340255,344177,37.2,22062,26294,25493,16300,8608,3862,4176,12583,21064,22580,24120,24561,22584,22430,19455,9079,11690,6907,8729,12417,8145,4257,2859,21265,23628,26317,15670,7939,3281,4431,12503,21174,23179,24427,24371,22615,22094,18319,9401,12820,7930,8848,14128,9234,4945,5658,0.6676645744208336,0.06365716389648643,0.03415094560160834,0.2790722818336957,0.3323354255791664,0.09687125016665926,0.38789609350695525,NA,0.007165602626870855,NA,322513,97701,116907,49479,0.09442609067692322,0.07296707623156548,0.04541254897374423,0.06946120389896962,346200,0.03447509705462933,0.15101144508721429,0.3413177254256275,0.2577146745157301,0.15265075051030189,0.11273630830880502,0.09589540596724294,0.02221645822290889,0.0067363609366248274,0.0037403343370210397,0.006991981775737823
48341,"Moore County, Texas",899.6980642381354,9.922744429703922,21373,23.755747455229507,22757,0.5156809426693859,11094,11292,10081,31.2,892,892,1105,600,182,107,198,555,980,689,730,669,727,652,644,175,356,249,305,245,80,36,224,966,915,770,498,378,79,39,477,694,734,510,778,449,509,615,223,192,252,340,270,113,169,111,0.4872970570345763,0.04926776774435035,0.021007813596593834,0.6104898703972301,0.5127029429654237,0.31784591194968553,0.1229559748427673,NA,0.002677651905252317,NA,9710,61762,69808,27480,0.1828023068923135,0.16457549142618152,0.032988675529295915,0.13531472755829407,152600,0.06678776023473522,0.22756380073453245,0.11489670170351576,0.09169989126495107,0.07961821916153196,0.10982239942007974,0.20200555756916758,0.14751721638274737,0.14812129998791831,0.08070556965083968,0.02561314485924852
48343,"Morris County, Texas",251.9892072859025,6.711400593361822,12076,47.92268736453774,11111,0.4791909259498857,3890,5756,6320,42.1,339,456,349,196,185,112,85,268,174,258,336,413,281,329,392,222,159,218,285,260,157,110,172,349,399,355,334,69,78,77,252,270,365,393,377,276,416,395,180,294,161,338,338,257,233,114,0.6281881417687977,0.22366677707850283,0.011924478304074197,0.11220602848625373,0.37181185823120233,0.13165300379297687,0.1595497369387006,NA,0,25.212719774256566,4855,58645,71050,27778,0.19460875443636977,0.14643962848297212,0.07114323758797793,0.15907919601443052,120400,0.04943820224719101,0.12717391304347825,0.06888850712935922,0.0932829410754166,0.057378457309740595,0.19017350970623603,0.20030922521903452,0.15358185878714997,0.1465383954646968,0.048273492527057205,0.041573612781309055
48345,"Motley County, Texas",989.5659362128318,0.248703854998556,1183,1.1954736483022645,1148,0.4924924924924925,574,619,564,52.3,36,12,28,20,26,21,8,34,42,21,34,11,17,29,56,38,14,3,0,89,40,26,14,3,9,18,21,0,1,2,41,41,7,45,35,19,35,96,5,8,5,27,78,33,12,23,0.8047337278106509,0.05325443786982249,0,0.10059171597633136,0.1952662721893491,0.14396456256921372,0.19269102990033224,NA,0,NA,609,61154,61923,29921,0.16060862214708369,0.15064102564102563,0.00946372239747634,0.37329700272479566,88000,0.02608695652173913,0.20710059171597633,0.06403269754768393,0.04087193460490463,0.025885558583106268,0.07356948228882834,0.10490463215258855,0.21525885558583105,0.13215258855585832,0.0885558583106267,0.2547683923705722
48347,"Nacogdoches County, Texas",946.323667908886,34.64539179332105,65162,68.85804742048778,64748,0.4984065891771226,28321,31438,33724,31.9,2011,2198,2285,1336,1654,613,887,2151,1991,1818,1691,1797,1388,1555,1815,763,880,621,929,1404,782,575,294,1931,1870,2316,1235,2128,1357,1295,1779,2041,1797,1793,1723,1602,1600,1969,504,1147,621,1330,1220,986,836,644,0.6196402811454529,0.1673214450139652,0.008501887603204321,0.21639912832632516,0.3803597188545471,0.14057088886556826,0.28190261307587366,NA,7.30816077953715e-4,NA,28735,53555,70434,29987,0.2179896821434515,0.16504793533429413,0.07020860906283481,0.13218548497736315,169200,0.060904276341791165,0.15403491333788905,0.11966662093565647,0.13009329126080396,0.15585128275483606,0.17649883385923995,0.20013033337906436,0.07936616819865551,0.07243792015365619,0.025757991494032104,0.04019755796405543
48349,"Navarro County, Texas",1009.702094372638,76.29973922659102,54711,54.18528921047132,52598,0.49015460026652,21152,27034,27677,36.7,1827,1997,2285,1309,967,291,434,1052,1647,1593,1764,1385,1362,1605,1365,953,988,574,1102,986,809,462,277,1857,2462,1597,1257,891,576,335,756,1670,1621,1914,1313,1541,1580,1707,747,938,818,765,1273,979,567,513,0.5830820127579462,0.09411270128493356,0.009065818573961361,0.3211054449745024,0.41691798724205376,0.2081394680912172,0.1822907691423976,NA,0.0014184397163120568,NA,23265,63111,80294,29060,0.17116863098930432,0.12864848887903643,0.0441738299904489,0.1418142490198729,172600,0.04458097038437303,0.184229550130679,0.14037222297327745,0.1319453832634852,0.1254562660538056,0.13672209454283268,0.18232616826641432,0.0876030823306746,0.07728358343472579,0.049344328781938625,0.06894687035284575
48351,"Newton County, Texas",933.6771236005727,6.05104965737293,12093,12.952014882152547,9598,0.44248766769627956,2037,6152,5941,46.1,385,399,243,342,151,23,0,263,454,259,336,269,309,422,552,119,304,305,126,346,320,88,137,209,191,440,114,144,44,145,125,274,303,430,259,396,344,442,194,370,100,288,459,247,207,216,0.7458033573141487,0.17340610270404366,0.007111552137600265,0.03630199288844786,0.2541966426858513,0.14569014084507043,0.06805633802816902,NA,0.005075022065313328,NA,4532,42618,65609,28212,0.18958141095545675,0.11834690043832186,0.08253471543125367,0.2543130006161429,103100,0.06858087172071886,0.19171548117154813,0.1913123844731978,0.12446087492298213,0.15280345040049292,0.1985520640788663,0.13154651879235982,0.08025261860751694,0.054220579174368455,0.0292667898952557,0.03758471965495995
48353,"Nolan County, Texas",911.9971864734508,1.9506495782992044,14454,15.848733103981752,15797,0.5221976133020396,7576,7360,7094,39.3,457,356,707,424,301,77,79,355,325,371,409,516,412,485,384,179,241,148,260,376,281,127,90,404,470,611,238,206,29,24,258,372,427,461,369,435,404,438,201,206,321,272,305,239,91,313,0.6638992666389927,0.026843780268437804,8.994050089940501e-4,0.3738757437387574,0.3361007333610073,0.15901882004652146,0.16049904842461407,NA,0,18.277870216306155,6233,50747,61551,32182,0.22509067633880947,0.16653322658126501,0.059844404548174746,0.17145270270270271,96300,0.08511722731906218,0.1326838157986963,0.03533220720720721,0.02660472972972973,0.04814189189189189,0.13189752252252251,0.17637950450450451,0.17947635135135134,0.19932432432432431,0.08516328828828829,0.11768018018018019
48355,"Nueces County, Texas",839.2870160016186,326.2889808755871,352955,420.5414754078828,363706,0.5075007569827297,170758,175368,177587,37.2,10948,12778,11472,7693,5087,1985,2462,8051,12149,12548,11923,12059,10489,10117,10756,3502,5721,3740,5464,6863,5100,2302,2159,10457,10743,12342,7152,4758,2308,2770,7224,11603,11896,11887,11550,10461,10306,10206,4340,6436,3767,5899,8013,5685,3266,4518,0.45827371761272684,0.038602654729356436,0.023150259948152032,0.6247283648057118,0.5417262823872732,0.14681861753115347,0.23807860262008734,NA,0.011337004006074734,21.655460075694027,160007,66897,79269,34626,0.17404753774835205,0.13386532771451629,0.050953735904731796,0.15056214703901352,208800,0.06900731930466605,0.17592224392998956,0.13628827521890058,0.12648956012641832,0.11145795554634474,0.17067768509403658,0.1334451582819543,0.10736490337288224,0.13496062380187554,0.052639759597948296,0.026676078959639398
48357,"Ochiltree County, Texas",917.6845850251044,0.5142023824048606,9786,10.663794684676208,10004,0.5055078322385043,5070,4895,4891,33.3,371,419,442,196,119,70,78,196,353,328,335,333,275,228,258,129,257,89,70,147,131,41,30,326,491,361,351,74,109,108,137,333,247,314,281,319,251,396,72,85,51,169,147,113,85,71,0.676170038830983,4.087471898630697e-4,0.002861230329041488,0.5683629675045984,0.32382996116901697,0.21926574604243854,0.20697204445941395,NA,0.0018549051937345425,NA,4852,70183,86576,34056,0.1184887790817377,0.07423028258118937,0.0028461069323033137,0.15304948216340622,134400,0.05298913043478261,0.25591929174387484,0.14453394706559264,0.03590333716915996,0.09942462600690449,0.15028768699654776,0.18457997698504028,0.24626006904487918,0.07871116225546605,0.03521288837744534,0.025086306098964326
48359,"Oldham County, Texas",1500.5232124627605,0.9033694364607094,2249,1.4988105357655805,2330,0.5088447259226906,931,1249,1000,31.4,40,58,74,354,27,2,23,23,50,47,70,121,48,33,49,74,23,11,37,61,18,4,2,152,48,85,56,12,15,5,5,53,110,77,47,51,88,32,20,13,8,26,49,9,4,35,0.7078701645175633,0.08759448643841708,0.0031124944419742106,0.2779012894619831,0.29212983548243665,0.14488188976377953,0.2141732283464567,NA,0.001176470588235294,NA,850,79900,82813,29189,0.20683760683760682,0.11594202898550725,0.017201834862385322,0.20876288659793815,162800,0.013029315960912053,0.18902093944538767,0.07860824742268041,0.1056701030927835,0.06829896907216494,0.03994845360824742,0.14432989690721648,0.23195876288659795,0.11082474226804123,0.06443298969072164,0.1559278350515464
48361,"Orange County, Texas",333.7949357294319,45.689962656197636,85307,255.56708885825725,76570,0.47301346083754947,28397,42032,43275,38.3,2670,2970,3411,1756,956,422,571,1781,2424,2657,2821,2861,2708,2464,2614,1155,1543,1052,1417,1484,1242,698,355,2774,3194,2771,2090,771,346,494,1503,2754,2831,2655,3264,2464,2467,2487,1133,1756,1055,1199,2072,1312,926,957,0.793088492151875,0.07777790802630499,0.011171416179211554,0.09631097096369583,0.20691150784812495,0.08775758002358033,0.17709891424850863,NA,8.078849571820973e-4,25.061655736786054,37134,72104,92079,37518,0.12543809794449182,0.09857934857934858,0.06017804744616303,0.14497719904051454,173400,0.04670592224928322,0.1488673139158576,0.15723436223212167,0.14297387774468198,0.08814613701663283,0.1526478108442945,0.16980783931254448,0.1319819701083375,0.09428789835780373,0.02815193610459446,0.03476816827898885
48363,"Palo Pinto County, Texas",952.5490832389956,32.959282822931996,29295,30.754320712153635,26971,0.47934809654142824,9587,14373,14922,41.6,867,993,1139,482,292,203,178,440,778,838,839,766,786,910,912,463,678,345,596,817,467,334,250,847,765,1001,715,462,155,231,343,800,888,883,842,783,881,1051,433,643,503,477,846,655,289,429,0.7900324287421061,0.023826591568527053,0.008704557091653867,0.205973715651135,0.2099675712578939,0.12669705678327223,0.17812902586463186,NA,0.0014272521198891782,NA,11911,67674,80490,32739,0.16747104247104247,0.12047113045704776,0.06098219104155424,0.2612126792055767,198000,0.040858109311020116,0.18226923474485754,0.126726292253058,0.14770485334736289,0.08779429172694989,0.11837432592397738,0.14343022491121926,0.1350124950677364,0.08450611600683941,0.0578718926739445,0.09857950808891228
48365,"Panola County, Texas",811.3554587897704,9.965537678166848,22726,28.009918160775587,22295,0.49521334488349883,9194,11373,11353,40.9,737,641,860,473,284,199,108,386,546,749,690,650,783,667,563,450,396,415,466,531,338,238,203,551,690,824,468,303,174,68,426,533,561,750,691,690,708,574,304,616,389,390,645,463,289,246,0.7271847223444513,0.1133063451553287,0.005324298160696999,0.10380181290152249,0.2728152776555487,0.13383545770567787,0.17033603707995365,NA,0,28.24124818252992,9625,64894,85727,36331,0.11193360251233737,0.08619287689055131,0.0247074122236671,0.18013452501612456,158100,0.051697010564171725,0.16999020742455265,0.1532295217912098,0.15138671335114715,0.11886114438404127,0.13701280751865844,0.1746060996959366,0.11987468902607575,0.0764765502626002,0.04127890905740348,0.0272735649129273
48367,"Parker County, Texas",903.7185913602689,6.376009078034339,165168,182.76485797574514,140949,0.46044159586040634,55720,82748,82420,39.1,5158,6056,6212,3746,2098,1062,984,2240,4457,5002,6108,5623,5289,5284,5518,2377,3122,2135,2331,3391,2226,1381,948,4659,5406,5929,3564,1760,721,1147,2422,4363,5305,6301,5367,5196,5372,4992,2572,3401,1893,2981,3713,2285,1589,1482,0.8316320352610675,0.013065484839678388,0.008736559139784945,0.14679598953792503,0.16836796473893245,0.08273811649583944,0.3233455948001857,NA,9.006867736649195e-4,31.905830891163436,79939,104443,121399,47117,0.07982400235317189,0.0607400889218229,0.039630868121610284,0.05748258988961071,375900,0.03095487003207116,0.13179909925875227,0.31603734197297884,0.22822692429733296,0.13351926384876167,0.12339885435628517,0.08361863090565974,0.05177107166118339,0.029743315686634714,0.012508558927169792,0.02117603834399372
48369,"Parmer County, Texas",880.8218327652484,4.384484406877561,9731,11.04763714751545,10589,0.5211122047244094,5389,5153,4578,36.3,405,445,352,298,145,25,152,148,322,348,433,308,147,293,249,266,99,155,174,142,80,134,33,311,352,349,179,154,95,46,97,291,237,223,377,197,285,238,142,201,281,100,142,118,84,79,0.6403247353817696,0.002877402116945843,0,0.6666324118795601,0.3596752646182304,0.3140174813855617,0.16947232113952734,NA,0,NA,4531,69735,73837,30288,0.10165435438559983,0.08932626797880394,0.026427962489343565,0.13724966622162885,146700,0.02321262766945218,0.24132557656347392,0.07957276368491321,0.06141522029372497,0.08437917222963952,0.09879839786381843,0.23818424566088117,0.1965287049399199,0.1348464619492657,0.06542056074766354,0.04085447263017356
48371,"Pecos County, Texas",4763.83478842373,0.9777168851747575,14896,3.1268926529941283,14552,0.4941591958706873,5806,8354,6542,36.9,400,541,438,271,73,160,116,243,768,663,894,665,590,654,294,137,431,287,198,189,141,148,53,537,489,550,339,144,84,0,202,563,385,336,422,415,384,448,106,111,91,192,348,190,98,108,0.5022824919441461,0.045515574650913,0.02591299677765843,0.7134129967776585,0.4977175080558539,0.16800853623047823,0.1406537976525366,NA,0,19.79031708148653,6150,72750,81024,33205,0.21569090336795718,0.15298854134406936,0.025483718735252476,0.11175173817195184,165700,0.07121038564337534,0.16526019690576652,0.1588943530608784,0.14278446667797184,0.10751229438697643,0.10327285060200102,0.16652535187383416,0.1404103781583856,0.12599626928946922,0.031880617263015096,0.022723418687468203
48373,"Polk County, Texas",1057.0529037200172,52.606628679360675,52800,49.95019626187527,50776,0.49022939677145283,16896,28403,24397,44,1348,1464,1747,982,379,188,613,905,1748,1869,1959,1751,1979,1835,1879,750,1788,754,1345,1690,567,634,229,1276,1247,1742,921,394,294,329,629,1055,1332,1813,1041,1424,1524,1809,1219,1466,794,993,1707,599,350,439,0.7453598484848485,0.07740530303030303,0.005946969696969697,0.1534090909090909,0.2546401515151515,0.16457148818527986,0.16170257159250953,NA,8.456659619450317e-4,NA,18920,62259,73347,30198,0.17464765684128705,0.14753980777506814,0.0804820415879017,0.2626468699233065,184800,0.03832556233027617,0.14360691894541222,0.18096641354036797,0.1479466545770524,0.16056518946692358,0.17337262457969702,0.19687181230873851,0.061505912576976844,0.0392156862745098,0.014318636895991537,0.02523706977974234
48375,"Potter County, Texas",908.3925639809914,13.584223556248137,115975,127.67057393308521,142387,0.551114327958446,75776,59568,56407,35.1,4008,4420,4798,2612,1596,609,802,2427,4280,4433,4010,4512,3798,3539,3095,1269,1901,1439,1416,1851,1171,844,738,3758,4549,4075,2746,1370,775,753,2256,3772,3840,3527,3479,3153,3025,3043,1038,2096,958,1687,2397,1650,923,1537,0.5583703384350075,0.10623841345117482,0.048277646044406125,0.39255874110799743,0.4416296615649925,0.2194407492508835,0.18565996156998696,NA,0.008305647840531562,NA,49364,53249,67936,28703,0.20826552070951815,0.14562737642585552,0.03817570811329813,0.1378619153674833,147300,0.07747586951926916,0.19299304793267472,0.06169265033407573,0.0734561652156307,0.07616926503340757,0.09311601538773032,0.10779510022271716,0.13484511034622393,0.21882972261591416,0.1290544644664912,0.10504150637780928
48377,"Presidio County, Texas",3855.2523976945067,0.6846317434675373,5930,1.5381612896593282,6315,0.5157207023274806,2785,3188,2742,41.2,310,479,0,195,64,63,41,110,64,196,33,399,127,232,182,28,147,34,136,153,69,31,95,70,173,189,105,28,69,0,119,193,80,163,136,126,299,213,95,45,12,73,208,168,95,83,0.4524451939291737,0.007082630691399663,1.6863406408094435e-4,0.7951096121416527,0.5475548060708263,0.32720306513409964,0.2802043422733078,NA,0,NA,2400,43802,51948,23915,0.32,0.24704956726986624,0.06704980842911877,0.2612282309807516,121300,0.05707196029776675,0.33558292559473596,0.08035441490986862,0.06416131989000917,0.1872899480598839,0.20134433241674304,0.04430186373357776,0.08096547509929729,0.07638252367858234,0.13412771157959058,0.1310724106324473
48379,"Rains County, Texas",229.49004898864396,29.337622027592406,12775,55.66690170793486,11052,0.46384353884248963,3604,6506,6269,46.4,308,319,475,289,122,92,37,135,387,381,388,347,333,359,526,240,263,128,403,375,436,97,66,241,285,311,228,136,27,27,183,312,345,344,443,383,364,425,186,384,331,257,444,233,242,138,0.8432876712328767,0.0249706457925636,0.010019569471624266,0.10262230919765167,0.15671232876712327,0.09738493723849373,0.2087866108786611,NA,0,35.59481865284974,5327,65413,71596,36456,0.09986611010474915,0.07976814794369307,0.032571531401835524,0.18042194092827005,241100,0.02018121911037891,0.17482297403619199,0.23780590717299577,0.19122362869198312,0.1930801687763713,0.14329113924050632,0.09924050632911392,0.0739240506329114,0.033417721518987344,0.014008438818565401,0.014008438818565401
48381,"Randall County, Texas",912.7107955712536,9.730716899074435,146070,160.0397417328418,118683,0.4482782064792467,46825,71988,74082,36.7,4252,5028,5029,3258,2214,1223,817,2860,4893,5163,5374,5350,4231,3925,3696,1862,2329,1263,1984,3434,2204,916,683,4396,4337,5363,3150,2169,1432,1029,2558,4737,5333,5246,4910,4180,4053,4477,1771,2212,1778,2042,3679,2218,1547,1465,0.7426507838707469,0.034695693845416584,0.017703840624358185,0.245676730334771,0.2573492161292531,0.06125522149450776,0.33683667680882884,NA,0.003759499811351264,NA,74212,83864,105085,43287,0.09723851007985704,0.07429627447304282,0.02904076304701838,0.0789597418810902,238800,0.032988892213987715,0.10967773073899913,0.2048089239100475,0.15174214050618545,0.08899589798466202,0.13494495516967428,0.16550740146245765,0.12244434716344829,0.08374272419216239,0.028892455858747994,0.018921153752614425
48383,"Reagan County, Texas",1175.313985624644,0.6921715467407571,3232,2.7499034636963753,4643,0.5895873015873015,2769,1669,1563,30,126,85,165,96,86,58,46,67,51,79,104,208,151,28,113,8,41,17,20,28,62,26,4,214,126,138,135,21,0,0,15,186,140,44,106,116,42,85,13,7,42,0,43,13,77,0,0.38211633663366334,0.05816831683168317,0.014232673267326733,0.6868811881188119,0.6178836633663367,0.1267529665587918,0.13592233009708737,NA,0,18.62082362082362,1358,57813,75750,29439,0.11786600496277916,0.06368563685636856,0.0496850944716585,0.22679640718562874,171500,0.01936108422071636,0.190136476426799,0.09131736526946108,0.07859281437125748,0.13847305389221556,0.25449101796407186,0.1309880239520958,0.11526946107784432,0.17140718562874252,0,0.019461077844311378
48385,"Real County, Texas",699.1595698512889,0.9051169349047177,2802,4.007668808132005,2895,0.5081621906266456,818,1444,1358,59.5,73,60,171,134,0,0,0,25,57,50,43,41,39,12,62,87,32,92,123,164,48,56,75,12,132,63,31,70,0,0,0,7,70,41,19,14,97,134,21,143,16,77,153,74,147,37,0.9325481798715204,0.007494646680942184,0,0.1891506067094932,0.06745182012847961,0.0896110290497292,0.21122599704579026,NA,0.004137931034482759,NA,725,39605,64453,28467,0.17872968980797638,0.13767019667170954,0,0.42183495643259866,112500,0.044326241134751775,0.16248153618906944,0.21219887237314197,0.1353152229625833,0.13787801127626859,0.17375704766786262,0.09328549461814455,0.10302409021014865,0.03485392106611994,0.0046130189646335215,0.10507432086109687
48387,"Red River County, Texas",1043.8956643814565,12.839858717492127,11611,11.122759099569505,9844,0.4588207876951759,2800,5818,5793,48.1,400,227,436,304,94,66,97,116,239,223,379,344,318,412,388,222,143,180,216,484,261,223,46,305,183,342,161,113,12,90,161,284,297,380,224,322,408,540,186,195,187,246,402,348,289,118,0.7487727155283782,0.1629489277409353,0.0033588838170700197,0.07484282146240634,0.2512272844716218,0.12699905926622765,0.15416274694261525,NA,0.0037223560324063936,NA,4567,48491,60270,29753,0.15618164318838043,0.12697947214076247,0.020377839099978774,0.19631901840490798,121500,0.025914021695460025,0.1648582429121456,0.12156926057474976,0.11107523409751373,0.11430416532127866,0.17194058766548273,0.24313852114949952,0.07103648692282855,0.054568937681627384,0.031643525992896354,0.08072328059412334
48389,"Reeves County, Texas",2635.3536452678545,6.716892896801066,12664,4.805427166384284,19286,0.6036306729264476,12000,7256,5408,34.4,497,415,441,356,194,152,100,372,571,585,826,326,620,444,343,88,154,73,116,295,166,71,51,379,395,540,253,175,162,136,230,210,323,425,243,260,308,265,102,179,80,132,202,101,120,188,0.38771320277953253,0.017845862286797222,0.0018161718256475047,0.8526531901452937,0.6122867972204675,0.2980805898055167,0.07397991610524977,NA,0,18.006134969325153,5378,64297,72895,28499,0.1675513698630137,0.13338139870223503,0.02356538945853571,0.18250435455777048,118000,0.06084280303030303,0.17471323403526792,0.1836655699632282,0.055931875362879815,0.11592800464486162,0.08631701180568996,0.11379910973485581,0.17166634410683182,0.18831043158505903,0.044900329011031546,0.039481323785562225
48391,"Refugio County, Texas",770.4844798508719,47.75649887180944,6707,8.70491252633427,6313,0.48486943164362517,2265,3292,3415,42.4,111,229,208,165,85,26,79,73,238,335,35,215,176,172,167,37,240,87,174,151,149,75,65,206,216,232,90,13,30,53,46,301,246,139,146,214,202,233,117,121,75,178,204,145,115,93,0.566423140002982,0.07156701953183241,0,0.5042492917847026,0.433576859997018,0.16181630546955625,0.14014447884416925,NA,0,NA,2659,60181,75259,28082,0.14625954198473282,0.13768115942028986,0.04508912967493883,0.25721941053885083,99000,0.10380761523046092,0.16051829268292683,0.1446859184281036,0.05805299196189342,0.09377791009228938,0.10777016969336112,0.135456981244418,0.17892229830306638,0.14617445668353676,0.10002977076510866,0.035129502828222685
48393,"Roberts County, Texas",924.0577338582264,0.13391799498684936,832,0.9003766426218232,639,0.4343983684568321,195,411,421,40,10,60,44,0,6,0,13,6,3,8,44,51,18,25,27,20,9,9,19,26,7,0,6,26,53,23,10,30,0,0,0,13,22,44,55,3,19,20,7,15,12,8,33,2,12,14,0.9350961538461539,0.003605769230769231,0,0.06610576923076923,0.06490384615384615,0.06170598911070781,0.20508166969147004,NA,0,NA,388,67868,96164,31964,0.056490384615384616,0.028708133971291867,0.005128205128205128,0.178117048346056,161500,0.034055727554179564,0.11057692307692307,0.002544529262086514,0.061068702290076333,0.1628498727735369,0.0916030534351145,0.13740458015267176,0.11959287531806616,0.07633587786259542,0.06870229007633588,0.27989821882951654
48395,"Robertson County, Texas",855.1546702146883,10.553324957490151,17167,20.074731037474415,16314,0.48726143185687404,6239,8478,8689,41.4,528,484,745,424,134,81,57,393,426,478,459,467,488,525,511,203,488,270,359,354,238,146,220,541,511,605,276,210,60,54,239,490,472,562,495,526,592,480,219,368,374,433,333,318,194,337,0.6149006815401643,0.1718413234694472,0.006407642570047184,0.2216461816275412,0.3850993184598357,0.12896405919661733,0.22038054968287527,NA,0,24.816644214937885,7092,72236,83678,34488,0.13510644571563366,0.09570740254051686,0.0792462570986061,0.22189967487227125,185900,0.0893896433368154,0.11289942223794364,0.1658151416627961,0.139921040408732,0.1406177426846261,0.10462145843009754,0.16047375754760798,0.09196470041802136,0.09208081746400372,0.031119368323269857,0.07338597306084534
48397,"Rockwall County, Texas",127.21001950588187,21.72262342528228,123617,971.7552161391206,111141,0.4734279555968274,49963,61556,62061,37.5,3730,4999,4759,3289,1502,917,536,2188,3485,3798,4687,4790,4291,4266,3910,1677,1718,1157,1241,2085,1354,557,620,3674,4151,5089,3064,1342,981,674,1754,3371,4089,4511,4973,4373,4173,3657,1402,2184,1072,1856,2206,1676,1027,762,0.6756594966711699,0.09285939636134188,0.0349628287371478,0.20808626645202521,0.32434050332883013,0.05640499950597767,0.444904159668017,NA,0.002674610419769695,NA,62439,127981,141391,55374,0.04038318740769149,0.032682565179784996,0.04286766806501571,0.053763194125745754,415500,0.020830807284720032,0.08650259784680034,0.3645250114731528,0.306815052776503,0.14130335016062415,0.11530518586507572,0.05215695273061037,0.008260670032124828,0.006815052776502983,9.178522257916476e-4,0.003900871959614502
48399,"Runnels County, Texas",1051.0702447270025,6.025042587069901,9874,9.394234162308155,8932,0.47495480165904497,3546,5011,4863,42.1,280,324,365,188,52,122,126,95,252,293,304,364,239,339,254,119,268,152,186,263,176,115,135,284,275,333,268,185,5,42,99,245,306,300,266,299,265,314,151,140,189,192,195,209,151,150,0.6441158598339072,0.029370062791168727,0.001114036864492607,0.34859226250759573,0.3558841401660928,0.12809251939686722,0.1913336261162348,NA,0,NA,4488,62632,70110,31622,0.10983317790902497,0.0856581532416503,0.048932199875596105,0.23667334669338677,109300,0.03229194014176949,0.16694266197474644,0.04208416833667335,0.03206412825651302,0.07074148296593187,0.0907815631262525,0.09859719438877755,0.11122244488977956,0.2651302605210421,0.15811623246492987,0.1312625250501002
48401,"Rusk County, Texas",924.1985738930065,14.369641094862216,52842,57.17602417131349,46432,0.46771561536756856,14742,27957,24885,39.1,1501,1388,2069,1126,572,476,322,1307,2050,1917,1981,2058,1752,1753,1661,596,1093,657,893,1192,701,388,504,1364,1588,1791,1103,592,351,243,673,1480,1518,1719,1394,1499,1452,1412,719,1097,813,773,1295,821,577,611,0.6560311873131222,0.13201619923545665,0.0036902463949131372,0.19090874683017298,0.34396881268687785,0.1520508027270728,0.1753078953155927,NA,0.0017965204236006051,NA,21152,68658,83330,33876,0.14413454507468923,0.10339318320146074,0.044580886278697274,0.15409882220449533,171300,0.04526543518056249,0.13731579715280237,0.10098071418516259,0.15682042137863075,0.10327999624607011,0.14598094880578105,0.19365585847684294,0.07184083337243677,0.10506311294636572,0.06114213317066304,0.061235981418047016
48403,"Sabine County, Texas",491.71016197758445,84.91779189710532,10023,20.383959444094057,9099,0.4758393473486037,2699,5020,5003,54.2,218,300,194,151,68,1,13,100,279,180,312,104,359,258,382,141,412,98,416,381,213,224,216,321,320,162,118,35,2,29,185,192,173,159,338,288,304,352,183,329,272,352,243,209,241,196,0.8570288336825301,0.068342811533473,0.007083707472812531,0.01646213708470518,0.14297116631746987,0.12157314885985139,0.14322316167050986,NA,0,29.452359750667853,3623,66585,77271,38857,0.11018837350617784,0.06478354313785692,0.04729038854805726,0.3959984409510199,153100,0.02688750268875027,0.12825691779438497,0.15837339223073926,0.1565545017539301,0.19916850721060153,0.17188515005846433,0.16460958815122775,0.058724178251266725,0.056255684032740026,0.00844484864232818,0.025984149668702092
48405,"San Augustine County, Texas",530.6589694624067,61.639161262523224,7874,14.838154922693368,7845,0.499077549462434,2880,3781,4093,50.5,132,258,208,105,81,0,64,156,163,128,154,198,193,292,303,132,202,54,228,344,248,42,96,255,196,231,188,73,0,28,140,115,191,280,145,211,320,415,71,135,106,169,278,170,156,220,0.6944373888747778,0.21539243078486156,0,0.08343916687833376,0.3055626111252222,0.15245702378885223,0.13769751693002258,NA,0,31.906994919890582,2909,50408,61967,26866,0.27136864184583115,0.1703425621773815,0.0951061865189289,0.38928126298296634,99900,0.07993197278911565,0.19443718986680594,0.10116327378479435,0.10739509763190694,0.2742002492729539,0.13169921063564602,0.13481512255920233,0.10427918570835064,0.06481096800997092,0.017241379310344827,0.06439551308683007
48407,"San Jacinto County, Texas",569.2430219753913,58.66780077745534,28441,49.96284346412158,22176,0.4381136772230673,4394,14343,14098,44,906,946,862,534,178,367,297,391,633,749,671,870,797,821,845,644,822,584,472,788,400,437,329,557,1064,697,554,261,236,49,507,716,825,552,993,946,769,1378,342,532,234,645,1012,693,320,216,0.7249393481241869,0.08804191132519953,0.0034457297563376815,0.19169508807707183,0.2750606518758131,0.17075118542550535,0.16221612178687297,NA,0,40.57592686642966,10659,65364,76302,30859,0.18369313113291705,0.1614197155706819,0.06742695413302256,0.2751315701818666,209300,0.04181600955794504,0.17703061405061052,0.16101525547931517,0.2015855039637599,0.16154819798814202,0.16068216641129837,0.1885950303111052,0.0459662913863167,0.04689894077676371,0.01838651655452668,0.015322097128772234
48409,"San Patricio County, Texas",693.3211651945878,14.49137331910418,70181,101.22437266184275,64972,0.48072924759346813,24749,35636,34545,37,2383,2514,2817,1690,937,695,367,1174,2325,2434,2336,2780,2148,1957,1823,947,1246,760,1025,1338,969,493,478,2241,2263,2573,1555,888,255,554,1189,2056,2256,1993,2655,1972,2177,1913,667,1564,584,1179,1412,1065,883,651,0.5577292999529787,0.01496131431584047,0.010743648565851156,0.5645830067967114,0.4422707000470213,0.15807403549884996,0.17532439352514864,NA,0.005340810467988517,22.98392294471498,29958,69704,79633,32909,0.14781166630615042,0.11773151471643933,0.04450621525391967,0.1676030885493675,192400,0.0635509591852846,0.1869051218915144,0.1687202234269755,0.1407918514867751,0.10116642023985543,0.10823065549531789,0.20341711844915394,0.10694923607688517,0.10083785115820601,0.039395432889765075,0.030491210777065878
48411,"San Saba County, Texas",1135.3130446936434,3.204729519982332,5696,5.017118429690049,5276,0.4808603718556325,1949,2994,2702,40.7,128,148,156,74,51,38,41,183,328,105,227,223,133,147,153,88,125,98,120,148,151,77,52,129,174,118,163,130,14,0,25,199,211,143,141,107,127,145,123,116,51,186,122,130,54,94,0.7247191011235955,0.02475421348314607,0.0024578651685393258,0.3065308988764045,0.2752808988764045,0.15737148399612028,0.24005819592628516,NA,0,25.082796688132476,2369,55819,69683,30349,0.10733241596225673,0.10806916426512968,0.030919446704637917,0.26278659611992944,168700,0.020095693779904306,0.2695327836670593,0.10793650793650794,0.12380952380952381,0.09029982363315697,0.18977072310405643,0.091005291005291,0.09241622574955909,0.09664902998236331,0.08959435626102293,0.11851851851851852
48413,"Schleicher County, Texas",1310.6416199611735,0.03374571619636848,2381,1.8166674731957122,2202,0.48047130700414575,823,1114,1267,39.9,63,22,56,49,18,7,1,30,82,58,132,58,74,52,75,19,47,13,65,89,71,33,0,144,85,79,50,19,6,13,19,36,117,110,54,39,90,20,42,70,14,52,126,41,14,27,0.4880302393952121,0.005459890802183957,0,0.5317093658126838,0.5119697606047879,0.20465116279069767,0.18372093023255814,NA,0,NA,1002,86694,94360,37496,0.09923664122137404,0.0846774193548387,0.05377358490566038,0.25097125097125095,122700,0.04149377593360996,0.2277185501066098,0.09712509712509712,0.09401709401709402,0.03496503496503497,0.1926961926961927,0.1989121989121989,0.06216006216006216,0.22999222999222999,0.023310023310023312,0.06682206682206682
48415,"Scurry County, Texas",905.444532947643,2.0992209230313037,16488,18.20983991843641,17109,0.5092418965979105,7301,8575,7913,36.9,448,498,690,239,138,73,232,304,794,699,624,722,384,485,523,202,304,210,198,445,222,71,70,616,492,675,496,227,64,26,277,589,423,217,642,357,514,537,92,321,104,207,409,271,184,173,0.6445900048520136,0.032569141193595344,0.008309073265405142,0.4333454633672974,0.35540999514798643,0.18038751933048303,0.1299918129718912,NA,0,20.31528712251604,6680,60039,79991,29633,0.11596189431841546,0.09504238376573337,0.024369016536118365,0.14605435256503416,113800,0.05701157249829816,0.16770854338912417,0.06278157244586542,0.024415055951169887,0.0533352710361866,0.1553553262607179,0.18311291963377416,0.09315506467083273,0.25635808748728384,0.10710652521435837,0.06438017729981108
48417,"Shackelford County, Texas",914.285801324176,1.2618626032244165,3175,3.472655919408999,3132,0.496591089265895,1536,1553,1622,42.3,60,101,70,95,93,2,0,63,103,80,137,55,122,49,70,63,90,59,35,88,42,32,44,92,111,90,37,25,0,13,52,101,76,103,109,92,104,125,61,93,43,30,124,24,46,71,0.8368503937007874,0.008503937007874015,3.1496062992125983e-4,0.1294488188976378,0.1631496062992126,0.06737120211360634,0.34125935711140465,NA,0,NA,1579,73047,95400,35110,0.0952532653711373,0.0586283185840708,0.07471264367816093,0.17904761904761904,174800,0.028615622583139984,0.1340764331210191,0.07555555555555556,0.13015873015873017,0.08,0.11555555555555555,0.10158730158730159,0.09841269841269841,0.16507936507936508,0.07492063492063492,0.15873015873015872
48419,"Shelby County, Texas",795.5891946217512,39.02785534141471,24155,30.361146384704316,23387,0.49192293130284803,9239,11950,12205,39.3,791,873,970,507,247,216,175,426,647,700,507,935,579,809,703,169,600,363,395,595,365,249,129,781,753,1088,517,379,118,119,301,705,721,647,715,710,721,703,359,507,232,395,696,489,294,255,0.6420202856551439,0.1510660318774581,3.725936659076796e-4,0.19879942040985304,0.3579797143448561,0.1773625267396502,0.15093746067698502,NA,0.0052962925951833715,25.211957087803352,10007,49776,59787,27652,0.2058441830284255,0.17213352685050798,0.04068604097189138,0.19147099447513813,101500,0.06662395900064061,0.2088589151159402,0.1514157458563536,0.11015193370165746,0.1457182320441989,0.162292817679558,0.19406077348066297,0.08019682320441988,0.06327693370165746,0.04540745856353591,0.0474792817679558
48421,"Sherman County, Texas",922.8597225160888,0.1642590622041492,2295,2.486835153822622,2254,0.49549351505825456,1073,1236,1059,39.7,161,29,50,26,11,59,76,1,113,46,82,102,38,58,69,51,79,16,24,33,52,40,20,22,27,19,65,96,10,110,1,51,42,66,48,45,19,123,40,38,41,21,44,54,33,44,0.5742919389978214,0.00130718954248366,0.00522875816993464,0.4662309368191721,0.4257080610021786,0.23368146214099217,0.30221932114882505,NA,0,NA,1114,61250,80521,42621,0.10358565737051793,0.09326424870466321,0.01929530201342282,0.25726872246696036,146900,0,0.16334661354581673,0.04669603524229075,0.1444933920704846,0.06167400881057269,0.06431718061674009,0.0960352422907489,0.19559471365638767,0.1356828193832599,0.09515418502202644,0.160352422907489
48423,"Smith County, Texas",921.4853447197439,28.2364343000817,241740,262.337324608805,253311,0.5116866747062424,121745,117074,124666,37.5,7732,9001,7950,5214,3476,1719,1843,4348,7782,7762,6473,8316,6468,6673,7180,2726,3705,2538,3509,5268,3132,2179,2080,7422,7843,8311,5012,3477,1955,1349,4794,8177,8537,7864,7684,6916,7164,6534,3132,5043,3159,4301,5686,4106,3246,2954,0.6645155952676429,0.1629560685033507,0.017642922147762058,0.20927856374617357,0.3354844047323571,0.11269916528379104,0.28589342083920793,NA,0.0021057599796685243,NA,110174,74192,89806,35679,0.11567868263115973,0.07661416501512465,0.044408342406096896,0.16593259960069426,240700,0.046647581013784974,0.16901437930384913,0.16291272460947298,0.1672167989325093,0.11872824134921192,0.13579404653216015,0.14866613827214992,0.08903113180098923,0.09397730578993307,0.04773609703731201,0.035937515676261376
48425,"Somervell County, Texas",186.20730443538736,5.48493815415361,9691,52.044145257270024,10436,0.5185074775177622,5549,4877,4814,44.5,292,272,311,212,45,15,11,273,136,403,350,273,195,435,189,306,167,90,326,226,179,86,85,159,170,395,271,104,54,104,78,157,296,295,331,288,373,234,108,443,82,190,264,133,65,220,0.8323186461665463,0.013001754204932412,0,0.1815086162418739,0.16768135383345373,0.07465703971119134,0.29299638989169674,NA,0,28.151842290542128,4804,79825,101250,40828,0.0751311647429171,0.05470459518599562,0.03168237417284941,0.07567836694050287,289500,0.024239159709130084,0.12350472193074502,0.20413243714214588,0.20587503111774957,0.19293004729897933,0.11277072442120986,0.09111277072442121,0.04381379138660692,0.0537714712471994,0.020413243714214588,0.07518048294747325
48427,"Starr County, Texas",1223.1791170461022,5.940895865154587,66067,54.01253101798165,63655,0.4907031960654322,20985,32263,33804,29.4,3062,2920,3134,1715,1018,338,680,1658,2410,2117,2052,1729,1819,1739,1222,689,709,470,767,733,635,283,364,2879,2926,3149,1687,1082,478,524,1618,2449,1977,1759,2000,1894,1864,1631,641,979,663,814,870,571,649,700,0.32892366839723314,0.004238121906549412,5.751736873174202e-4,0.9720132592671077,0.6710763316027668,0.39587085674346084,0.1357832199790317,NA,0,22.577428935086974,23397,37639,45771,18829,0.3351579653574042,0.3103079698042621,0.10435659841578239,0.17209041013008342,95100,0.10382627760087697,0.28899971023775756,0.1806906089286486,0.20057046544794502,0.21033752539003414,0.21202299148623535,0.09888067764380483,0.05367561260210035,0.01724361467652016,0.015514931500929167,0.01106357232378236
48429,"Stephens County, Texas",896.7212334574523,24.76756842116643,9351,10.427989938350988,9235,0.49687937156999895,3789,5170,4181,42,276,341,301,197,106,81,166,302,159,458,340,510,195,208,256,254,143,144,141,277,102,130,83,206,195,283,142,84,61,14,167,168,218,157,246,286,274,228,132,293,41,257,261,202,157,109,0.7815206929740135,0.03090578547748904,0.010480162549459951,0.25120307988450435,0.2184793070259865,0.1622336288691865,0.17218852076528232,NA,0,28.28636001063547,3905,58008,73409,29709,0.14646579066606252,0.12001696352841391,0.05448871819491118,0.22519247219846023,110200,0.08418437758763456,0.13774354327140914,0.05367835757057314,0.08041060735671514,0.09217279726261762,0.1413601368691189,0.26561163387510695,0.1372968349016253,0.04298545765611634,0.06180496150556031,0.12467921300256629
48431,"Sterling County, Texas",923.4493634719543,0.06465319530437978,1468,1.589691929052463,1549,0.5134239310573417,629,711,757,32.1,101,38,125,19,69,3,0,21,14,49,43,36,45,39,6,17,15,3,9,27,24,8,0,17,86,96,27,0,3,26,0,44,85,30,73,19,35,30,19,8,7,14,26,57,43,12,0.7247956403269755,0.0013623978201634877,0.0013623978201634877,0.3569482288828338,0.2752043596730245,0.16009557945041816,0.24492234169653523,NA,0,NA,548,64954,79250,29196,0.043235704323570434,0.011799410029498525,0.02142857142857143,0.2385496183206107,147000,0,0.26429567642956764,0.07251908396946564,0.05152671755725191,0.20038167938931298,0.2633587786259542,0.10877862595419847,0.11068702290076336,0.11068702290076336,0.030534351145038167,0.05152671755725191
48433,"Stonewall County, Texas",916.3126238422726,3.92951125642281,1227,1.339062638747632,1339,0.5218238503507404,665,615,612,52.3,26,42,55,28,0,18,0,4,7,50,9,40,16,72,43,7,34,16,47,33,40,19,9,40,14,51,52,18,0,0,31,5,28,10,21,16,50,4,19,74,30,17,56,26,21,29,0.8867155664221679,0.004074979625101874,0,0.19967400162999185,0.11328443357783213,0.09669811320754718,0.16863207547169812,NA,0,NA,553,56875,83854,44681,0.14902624894157493,0.07418397626112759,0.035653650254668934,0.35145385587863465,48600,0.04678362573099415,0.12701100762066045,0.08343868520859671,0.035398230088495575,0.06700379266750948,0.0695322376738306,0.27054361567635904,0.15802781289506954,0.16055625790139064,0.05436156763590392,0.1011378002528445
48435,"Sutton County, Texas",1453.9352209353865,0.4930779602067654,3277,2.2538830842076636,3461,0.5136539032353814,1793,1516,1761,42.3,27,145,114,35,62,28,25,33,180,82,34,58,123,105,138,0,17,12,16,146,90,16,30,168,214,55,11,22,0,0,39,219,47,68,77,194,93,69,129,35,15,0,119,127,44,16,0.45437900518767166,0.0012206286237412267,0,0.633811412877632,0.5456209948123283,0.18051326663766856,0.18312309699869508,NA,0,NA,1609,78906,77938,35859,0.045092024539877304,0.031746031746031744,0.018787878787878787,0.27916194790486976,155700,0.037706205813040065,0.1579754601226994,0.03737259343148358,0.06851642129105323,0.13986409966024915,0.18063420158550397,0.0911664779161948,0.1625141562853907,0.11834654586636467,0.06908267270668177,0.13250283125707815
48437,"Swisher County, Texas",890.1596080754042,10.532090496172183,6937,7.792984468255469,6460,0.4821975069045309,2254,3940,2997,36.4,278,277,309,186,136,54,83,145,197,396,278,212,222,212,249,120,111,43,84,150,126,22,50,131,183,184,112,30,16,19,146,194,220,272,173,158,139,238,31,99,44,177,164,98,59,110,0.594781605881505,0.0782759117774254,0.017298544039210034,0.4630243621161886,0.40521839411849503,0.20051635111876076,0.15469018932874354,NA,0,20.721552373775435,2731,36165,51753,22512,0.3009816339455352,0.2298611111111111,0.04293628808864266,0.2132717068339386,86300,0.06126731011330256,0.2325839138695377,0.042588312974579066,0.02344007923407065,0.011554968636513702,0.08913832948167712,0.14031033344338065,0.22449653350940904,0.20039617035325188,0.09111918124793661,0.17695609111918126
48439,"Tarrant County, Texas",865.3641055479794,38.411769861481986,2167390,2504.5989151901917,2181824,0.501659380292623,1099929,1064636,1102754,35.2,70815,75558,83019,50679,29727,13729,13347,45734,79032,80268,77134,73129,65938,66299,62382,26608,32811,19502,25705,31768,20480,11457,9515,67795,72024,81087,49040,29139,15248,13876,43811,80308,82808,77600,78548,69857,68221,64553,26559,33818,21700,27722,39426,27355,16014,16245,0.48205768228145374,0.1767434564153198,0.06133506198699819,0.30255145589856924,0.5179423177185463,0.12729744995972428,0.3477146185981786,NA,0.0034868884702370807,26.822469843673932,1085495,84207,102307,42755,0.11105513969731429,0.08185394180106143,0.04690760737815867,0.07214645120052368,323900,0.046241208355114076,0.16743485733801228,0.17335877437127709,0.18802808633666843,0.13332115831828256,0.17967120344094387,0.12157503584316526,0.07412686760975598,0.07638122185763059,0.025129942591641693,0.02840770963063455
48441,"Taylor County, Texas",915.536390516095,3.7684773056863583,145863,159.31971848522141,150959,0.5085842693600878,75931,71845,74018,33.1,4942,5421,4794,3053,2708,1426,1622,4601,5517,5163,4942,4323,3384,3382,3470,1582,2031,1394,1836,2463,1523,1285,983,4902,4540,5225,2789,2832,1564,1725,4056,5295,4923,4543,4620,3412,3489,3755,1557,2463,1272,2402,3046,2066,1598,1944,0.6723569376743931,0.08119262595723384,0.022651392059672433,0.25120146987241454,0.3276430623256069,0.09962860934833767,0.29277405395759676,NA,0.003783440389637891,17.08181008263955,70835,67139,87239,34253,0.14673633348581885,0.10608987820243596,0.024206343825009153,0.11678832116788321,198600,0.038264098736665815,0.14076787702474589,0.14096916299559473,0.08698028875526544,0.09701276568378404,0.14797903469564938,0.12143477282227724,0.08046882536415961,0.1857294446766777,0.06656162577574842,0.07286407923084344
48443,"Terrell County, Texas",2357.9575623516403,0.10018656457095554,835,0.354120028847015,842,0.5020870602265951,285,441,394,59.9,0,8,72,0,5,0,0,16,21,0,32,13,35,6,45,31,16,0,21,75,0,44,1,0,56,8,0,0,0,0,0,0,6,14,0,21,12,51,22,28,23,31,50,20,22,30,0.6982035928143713,0,0,0.40119760479041916,0.3017964071856287,0.058208955223880594,0.26865671641791045,NA,0,NA,278,44886,79028,35515,0.07664670658682635,0.032388663967611336,0,0.2942097026604069,137500,0.05321507760532151,0.15209580838323353,0.02034428794992175,0,0.07355242566510173,0.0782472613458529,0.15023474178403756,0.13615023474178403,0.12206572769953052,0.06572769953051644,0.3536776212832551
48445,"Terry County, Texas",888.8508707376251,2.09038034153054,11629,13.083184573301384,11317,0.4932014294430402,4332,6358,5271,37,606,550,361,326,159,122,60,212,425,312,374,539,407,274,383,118,195,165,163,163,203,127,114,242,526,375,231,130,91,18,192,334,236,386,303,219,418,320,132,171,60,210,222,226,120,109,0.47080574426003957,0.033450855619571764,0.0017198383351964914,0.5691804970332789,0.5291942557399605,0.21795907377490575,0.09841141626278944,NA,0,NA,4644,44100,58373,24113,0.18333333333333332,0.14894298526585523,0.04471873735329826,0.10273543537272917,105400,0.05212939259948802,0.26880733944954127,0.06995197327208186,0.031321779077051574,0.029860096053455836,0.11923157235330967,0.1536855293380664,0.20547087074545833,0.24201294633535184,0.11046147421173523,0.038003758613489244
48447,"Throckmorton County, Texas",912.5522759178807,2.929042914484546,1639,1.7960614895748628,1814,0.5253402838111787,895,726,913,45,27,23,42,9,24,19,0,50,53,26,31,41,34,36,41,31,41,10,21,47,95,15,10,75,68,56,47,20,0,0,6,58,65,14,66,44,43,74,24,17,24,13,47,87,11,54,0.888346552776083,0,0.007931665649786455,0.10250152532031727,0.11165344722391701,0.0639386189258312,0.22421142369991476,NA,0,NA,720,59216,73173,35769,0.2422208663819402,0.1920374707259953,0.08251231527093596,0.25630676084762866,89500,0.017639077340569877,0.20622330689444784,0.039354187689202826,0.045408678102926335,0.06458123107971746,0.06458123107971746,0.13319878910191726,0.1705348133198789,0.19677093844601412,0.09889001009081735,0.18668012108980828
48449,"Titus County, Texas",406.3020774613627,19.341377643448542,31363,77.19133555988884,34966,0.5271600657329373,17280,15604,15759,34.9,1226,1270,1272,828,415,244,189,714,1025,882,911,782,888,973,854,425,539,315,461,690,271,251,179,947,1102,1257,935,358,260,278,499,925,1124,923,918,968,877,863,471,458,421,544,563,434,314,320,0.5348340401109588,0.10273251921053471,0,0.449669993304212,0.4651659598890412,0.2175890438959579,0.1630640298431192,NA,8.77385391533231e-4,NA,13677,58425,72536,27244,0.17100012871669457,0.13850415512465375,0.030861194133592826,0.0815083154948131,174000,0.04804589458587307,0.21528826079974306,0.09566935616663923,0.15066688621768484,0.16400461057138152,0.17684834513420056,0.1736374114934958,0.11822822328338548,0.060431417750699816,0.03836654042483122,0.02214720895768154
48451,"Tom Green County, Texas",1522.3201605567285,18.244015802389818,119577,78.54917979688939,119560,0.4999644555213121,56963,59775,59802,36,3831,4561,3737,2429,1970,1121,937,2563,4395,4364,4937,3348,2943,3003,3191,1096,2080,1135,1696,2837,1705,986,910,3537,3927,3938,2436,1775,1041,813,2341,3989,4235,3770,3931,2944,3088,3459,1407,2145,1794,1534,3023,1759,1480,1436,0.6305560433862699,0.0393303059953001,0.013957533639412262,0.40584727832275436,0.3694439566137301,0.12940727550241668,0.2546680234037141,NA,0.003597753597753598,NA,56980,68370,83908,35866,0.11113046204218116,0.07604666190524777,0.035012937039739934,0.10631140334110631,197000,0.0495123620497904,0.15460811890127443,0.13050957605413052,0.09157460147559157,0.09642952712259643,0.1855957796551856,0.15155395848465156,0.1117015176421117,0.15451660996215452,0.03627814518903628,0.041840284414541844
48453,"Travis County, Texas",994.3128111018275,30.71375929154884,1330015,1337.6223107556775,1484856,0.5275041023194313,906710,679147,650868,35.6,37995,36057,40059,23330,17143,7153,6900,28847,64837,71201,64467,53621,47796,43824,37353,13784,17636,10303,14105,20456,11360,5966,4954,36544,36668,35015,22470,16982,6784,6235,29858,60724,63752,55555,50121,43529,39919,34649,13282,19520,10409,16113,22895,13332,7938,8574,0.5487028341785619,0.08160509467938332,0.08019984737014244,0.32560309470193943,0.4512971658214381,0.08072188752355423,0.5656094906977361,NA,0.016123819441950658,25.23561241890463,751869,99611,131256,62607,0.1092803940551392,0.07109086165535058,0.04550876662673793,0.05578613992067754,523000,0.05948981322387952,0.12114260717145466,0.2916329686398075,0.18933708163225693,0.1279301108314624,0.15107175900465195,0.11409235308199457,0.05866853434610731,0.033590732341694754,0.015041181684664109,0.01863527843736049
48455,"Trinity County, Texas",693.7950002084951,20.178005457940344,14046,20.245173279973162,12156,0.46393405083581407,3264,6866,7180,49.2,294,401,400,327,136,48,67,270,275,298,270,397,325,479,457,270,289,304,241,500,445,216,157,343,315,461,178,133,35,57,289,390,343,353,344,379,420,581,298,309,288,417,410,354,263,220,0.7881247330200769,0.08123309127153638,0.0018510608002278229,0.11170439982913286,0.2118752669799231,0.11280606296152351,0.16789739603575593,NA,0,38.57820404721754,5154,52018,69340,30671,0.17613842032867588,0.1282186022070415,0.0650940049663001,0.2699975978861398,119500,0.09657782165185916,0.15983311753704502,0.18724477540235407,0.1340379533989911,0.14676915685803507,0.19781407638722076,0.18196012490992072,0.043718472255584916,0.031828008647609894,0.025582512611097764,0.05104491952918568
48457,"Tyler County, Texas",924.3898705322187,11.23306903352448,20238,21.893359766424037,18541,0.47811960081487404,4931,11098,9140,43.2,372,707,574,316,183,158,62,450,1007,732,787,878,624,644,550,303,523,291,612,427,521,203,174,401,563,571,381,175,41,131,284,427,416,504,526,476,615,646,266,407,190,364,689,470,305,292,0.7794742563494417,0.10658167803142603,0.004842375728826959,0.08380274730704615,0.22052574365055833,0.14950568296455713,0.12408366399892394,NA,0.005431502715751358,NA,6628,55396,70594,30047,0.1790209014802905,0.11106574111882402,0.07067669172932331,0.24931708342088674,157300,0.05066480055983205,0.1573889993373095,0.15034671149401135,0.11756671569657491,0.15602017230510612,0.15854171044337045,0.18837991174616517,0.10170203824332844,0.07354486236604328,0.014919100651397352,0.03897877705400294
48459,"Upshur County, Texas",582.9798659298807,9.605493152864028,42567,73.01624376358797,35111,0.4520070032699091,9881,21133,21434,40.6,1259,1509,1419,945,612,450,110,741,1078,1337,1261,1303,1098,1370,1662,447,864,568,755,968,696,332,349,1271,1297,1493,945,421,243,71,558,1195,1498,1224,1499,1261,1163,1580,540,980,610,691,1150,713,613,418,0.792726760166326,0.07169873376089458,0.005896586557662039,0.10416519839312144,0.20727323983367396,0.1268863566368956,0.18211682578790678,NA,2.884005306569764e-4,NA,17337,66208,79014,33097,0.12358022334637778,0.10098455424080932,0.05801335559265442,0.11050859067298362,167800,0.03786177244433036,0.13803593497480748,0.20195216621953307,0.15720075346766368,0.12078314972315772,0.13602374564758263,0.17512415092185626,0.06821165591643359,0.05673839831040584,0.04041326559735145,0.04355271419601575
48461,"Upton County, Texas",1241.3225852783874,0.17927071476779044,3191,2.5706452439068164,3832,0.5456357681902321,1845,1551,1640,40.8,12,132,160,20,55,1,0,65,26,108,145,163,70,112,51,76,49,23,84,93,58,36,12,94,90,155,88,20,0,0,82,118,41,82,141,135,78,94,81,36,70,76,33,19,32,75,0.46913193356314636,0.011908492635537449,0.011281729865246004,0.547477279849577,0.5308680664368537,0.20568335588633288,0.08705457825890843,NA,0,NA,1204,49167,69545,28892,0.1603896103896104,0.11316872427983539,0.03526645768025078,0.1919191919191919,109000,0.027941176470588237,0.1875601154216095,0.0718954248366013,0.0748663101604278,0.035650623885918005,0.1836007130124777,0.10576351752822341,0.0873440285204991,0.24183006535947713,0.10041592394533572,0.09863339275103981
48463,"Uvalde County, Texas",1551.9217587108512,6.711581289179718,24881,16.032380408576863,24882,0.5000100476257461,10049,12406,12475,34.5,841,892,1001,746,550,199,48,686,788,814,544,1027,672,549,647,258,294,231,258,552,251,272,286,973,930,819,393,341,86,136,679,766,960,753,746,606,702,740,292,305,286,362,529,269,321,481,0.5871548571198907,0.0034564527149230336,0.01708130702142197,0.7087737631124151,0.4128451428801093,0.22228648544438018,0.19786646102435576,NA,0,19.74730563984514,10048,53801,63946,26643,0.22174094127446897,0.20835574681728528,0.04276834585768624,0.16622090143635462,150800,0.056433408577878104,0.1866968698517298,0.11579990094105994,0.1183754333828628,0.13600792471520554,0.18543833580980684,0.1591877166914314,0.11649331352154532,0.060227835562159486,0.01733531451213472,0.09113422486379395
48465,"Val Verde County, Texas",3144.74969111826,87.91972202187809,47741,15.181176465279655,46274,0.4921980535021007,18800,24662,23079,32.3,1848,2122,1606,1145,734,383,164,1742,2080,1936,1823,1365,1283,1237,1156,572,495,315,428,912,649,347,320,1799,1823,1905,1040,654,145,446,1121,1548,1508,1254,1405,1236,1244,1466,332,477,378,492,1108,589,463,646,0.48974675855134997,0.014075951488238621,0.007980561781278147,0.8119017196958589,0.51025324144865,0.23248692540600055,0.22533030553261768,NA,5.920955247446588e-4,NA,20267,66100,73571,28707,0.1657428540376046,0.1373048479868529,0.056064441887226694,0.10159799048687937,164600,0.05936942296252231,0.174722259106803,0.10779755224199669,0.12767890545668323,0.1512479290257068,0.15696649029982362,0.19811875367430923,0.11394366949922506,0.07519640852974187,0.030837475281919727,0.03821281599059377
48467,"Van Zandt County, Texas",842.5721482107253,17.045763146392957,62649,74.35446345222846,54345,0.46451100056413147,18593,30643,32006,42,1772,2111,2020,1210,663,306,192,1143,1648,1867,1549,2193,1799,1939,2260,767,1399,618,1277,1679,1094,681,456,1780,1885,2171,1437,595,298,447,928,1549,1926,2048,1677,1824,2145,2140,1048,1162,674,1487,1782,1270,797,936,0.8429982920717011,0.023240594422895815,0.004804545962425577,0.1341920860668167,0.15700170792829893,0.13009544299741366,0.19750062942024674,NA,0.0013384392311410194,NA,26897,69475,83580,34236,0.1109746837488085,0.0827136975357955,0.03471295060080107,0.12434853105817859,222100,0.031743232519178204,0.18391953318933557,0.17538509053005444,0.1777400301123422,0.16870632745241865,0.12562251476662936,0.15280083388024554,0.09786511214917192,0.05165424854263985,0.019341389028297882,0.03088445353820021
48469,"Victoria County, Texas",882.0867061932333,6.747846708170076,91413,103.63266939426555,90714,0.49808100940552474,40388,45003,46410,36.7,3081,3006,3601,2036,1139,420,444,2225,2894,3085,3219,2662,2487,2334,2770,874,1667,876,1250,2168,1498,654,613,2906,3647,2711,1936,1201,184,503,2214,3016,3062,3020,2854,2701,2364,2980,1118,1427,1300,1546,2004,1602,928,1186,0.5661557984094167,0.05940074168881888,0.012689661207924474,0.48127728003675624,0.43384420159058334,0.15094998254625244,0.19895609966920993,NA,0.002336505464015382,21.85310483554952,41087,70896,84654,33635,0.16246083165137104,0.11159314462437181,0.043642611683848795,0.117170284440617,209900,0.06197102280877923,0.17222296010979768,0.1591904966946126,0.1124591575694638,0.12497150528102124,0.13786378257896204,0.15197183455332944,0.11116739697576049,0.11843671639522808,0.04543957853144551,0.03849953142017679
48471,"Walker County, Texas",784.2239485279468,17.274778879284383,80209,102.27818233625601,81661,0.5044850806202508,30250,47355,32854,37.6,1686,1690,1687,1209,1994,1109,896,3150,3653,3874,4674,3593,4034,3546,2989,844,1404,1065,1030,1268,985,461,514,1463,1811,1264,852,2735,1154,1511,2025,2062,1381,2119,1629,1504,1629,1660,862,1393,609,1041,1749,874,713,814,0.5818923063496615,0.20156092209103715,0.011295490530987794,0.21808026530688576,0.4181076936503385,0.15505901098697497,0.21570044281399958,NA,8.681158413778734e-4,NA,28798,52324,71362,25170,0.183625582648952,0.10845443481995848,0.0888212927756654,0.14369877892242372,226900,0.08125456432332706,0.15377823009114447,0.21140111246420695,0.12681433696475003,0.13277161570615148,0.2020537800743837,0.21508738439258795,0.06684659184412337,0.020834019023796203,0.006121844452489879,0.01806931507751045
48473,"Waller County, Texas",513.29655079483,4.566806101032128,61552,119.91508593753045,62857,0.5052447974021173,28429,30668,30884,31.3,2017,1897,2366,1244,1119,890,851,1894,1960,1790,2003,2902,1656,1467,1589,477,1099,399,916,969,583,359,221,1761,2124,1893,1308,2147,1362,1201,1940,1969,1772,1663,1816,1573,1462,1134,870,1193,603,691,1021,830,227,324,0.44617559136989865,0.23619053808162205,0.020129321549259165,0.33514751754613986,0.5538244086301014,0.15707130395632843,0.2790252687264337,NA,0.002691343459666716,32.16087281174811,27124,80397,89199,36272,0.14634832448398327,0.10210060017147757,0.06769612112279762,0.09845170803637257,318700,0.029113509977101732,0.20081846936446343,0.2953059719832883,0.17380191693290734,0.17168837552224134,0.1607766035881052,0.0757434259031703,0.06537232735315802,0.036962398623740476,0.009338903907594004,0.011010076185795036
48475,"Ward County, Texas",835.6027356111302,0.24100729424228992,11144,13.336480991591863,11045,0.4977691649015278,5021,5733,5411,34.5,436,417,476,329,135,33,84,141,459,393,606,308,253,414,366,106,116,78,116,189,115,121,42,409,467,445,276,40,55,73,91,542,344,280,435,229,297,221,139,219,50,150,222,223,154,50,0.6027458722182341,0.06586503948312994,0.008255563531945441,0.5620064608758076,0.39725412778176594,0.21859886693381236,0.1240845654276634,NA,0,21.790734508018215,5120,65952,76609,35097,0.14923747276688454,0.12836970474967907,0.029074074074074075,0.1504356243949661,150700,0.06472196900638104,0.1894612733538908,0.1415295256534366,0.040077444336882866,0.02265246853823814,0.14075508228460795,0.210648596321394,0.1701839303000968,0.1887705711519845,0.05517909002904162,0.030203291384317522
48477,"Washington County, Texas",604.1943877732252,17.55629408321583,36647,60.65432043330212,38161,0.5101192385841087,18194,18177,18470,40.9,967,1134,1241,852,730,356,396,695,1016,952,977,907,759,1120,858,654,782,562,854,923,590,371,481,819,1031,1144,569,851,243,239,545,995,987,983,965,842,1122,1121,512,819,659,872,1010,984,679,479,0.6682129505825852,0.14238546129287527,0.014435015144486588,0.184790023740006,0.33178704941741477,0.09849003422589088,0.3073485001006644,NA,0,23.056881333769205,16680,77825,96345,43255,0.13421755333196397,0.09179667840966281,0.029794520547945205,0.12249178097721347,288100,0.0676312899683483,0.14497819035902024,0.19805010769753997,0.17560367305294183,0.11444280693798889,0.13807958281373994,0.14686543475796396,0.06762271851264029,0.05413218455957374,0.03803423648112459,0.0671692551864868
48479,"Webb County, Texas",3361.498067172512,14.093570317700314,269294,80.11130591739824,268744,0.4994888836847955,114167,133726,135568,30,11062,12878,11603,7271,4808,2580,2557,5721,10108,9210,8902,7926,8089,7388,6313,2062,3062,1849,2519,3301,2068,1062,1387,10717,11060,12540,7058,4522,2337,2733,5582,9436,8611,8322,7929,8424,7860,6671,2361,3850,1749,3141,3977,2926,1893,1869,0.2068482773474344,0.004760596225686424,0.004972260800463434,0.9500025993895148,0.7931517226525656,0.29055845460733154,0.2137814799209153,NA,0.00720904486693341,NA,114717,63058,69513,24920,0.21307097733742966,0.18618119711202546,0.0548347952144771,0.07715251315550717,189900,0.06582035810403943,0.2732843366201235,0.1955520776628561,0.2370146071493377,0.19676555978951188,0.13502540373797858,0.08734803121030665,0.051952912357103975,0.043810107058610055,0.01905280348394121,0.033478497550353835
48481,"Wharton County, Texas",1086.143640047753,8.226328461753491,41794,38.47925675665007,40065,0.4894391575758316,16911,20854,20940,38.1,1395,1516,1686,1043,459,254,265,982,1246,1255,1128,1410,987,1213,1203,385,958,516,735,1042,465,365,346,1423,1293,1347,919,408,304,266,900,1220,1183,1172,1331,1314,1092,1410,530,708,431,757,1057,700,660,515,0.5744604488682586,0.11434655692204623,0.005000717806383692,0.4201560032540556,0.42553955113174136,0.14458183946733005,0.20732421160459502,NA,6.974248927038626e-4,NA,18640,66924,81119,34628,0.13608473338203067,0.10736089307517879,0.04862642871465811,0.10281745807690136,189900,0.07205789804908748,0.14163422242642615,0.12856416916040878,0.11269832307605443,0.11439218564733782,0.13737225453108237,0.18225961267009202,0.08909717124950596,0.11117384676189938,0.0478798486816103,0.07656258822200893
48483,"Wheeler County, Texas",914.5328986080244,0.9482329647859372,4862,5.316375176224129,4729,0.4930664164320717,2105,2501,2361,41.3,147,187,252,71,94,30,5,53,145,73,142,187,130,210,120,41,149,23,91,145,75,72,59,59,168,161,132,64,4,4,29,151,91,219,168,131,129,103,73,135,107,113,95,115,75,35,0.8081036610448376,0.014191690662278898,0.011517893870835048,0.25359934183463595,0.19189633895516245,0.1096413874191652,0.17019400352733685,NA,0,23.417602996254683,2238,60167,72500,31568,0.15400799495055753,0.1403631284916201,0.047619047619047616,0.2601688411358404,106100,0.05964730290456432,0.21244500314267756,0.11588641596316193,0.0318495778971604,0.056024558710667687,0.10744435917114352,0.2083653108211819,0.05065234075211052,0.0997697620874904,0.148119723714505,0.18188795088257867
48485,"Wichita County, Texas",627.5929483070964,5.268733677530553,129996,207.13425852004605,134888,0.5092342308331194,67110,67347,62649,35.3,4082,4229,4435,2556,3013,1080,1063,4188,5355,5055,4497,4342,3717,3434,3334,1611,2485,1554,1788,2344,1518,901,766,3789,4387,3760,2407,2147,783,1114,2661,4266,4257,4140,3637,3281,3232,3566,1384,2703,1599,1912,2684,1941,1528,1471,0.7091295116772823,0.10573402258531031,0.022893012092679774,0.20652943167482077,0.29087048832271767,0.1254418637754739,0.2506939337145026,NA,0.0025394580346523514,NA,62218,63524,83071,33751,0.16491183559558545,0.11715070643642073,0.033766630983330784,0.1207713004484305,153700,0.07103657914601057,0.15574819296506257,0.0580627802690583,0.09533632286995515,0.06893273542600897,0.1487354260089686,0.1684304932735426,0.14837668161434978,0.1631748878923767,0.05531838565022421,0.09363228699551569
48487,"Wilbarger County, Texas",970.9458511004684,7.028088547128403,12616,12.993515535084729,13129,0.5099630996309963,6025,6187,6429,40.5,341,354,306,428,67,57,27,308,676,306,369,364,253,525,314,80,242,220,328,214,246,120,42,531,254,294,200,355,19,63,258,300,281,419,624,285,345,457,194,221,230,317,234,260,180,108,0.6255548509828789,0.05865567533291059,0.030833861762840836,0.3024730500951173,0.3744451490171211,0.1854009595613434,0.1724925748229381,NA,0,14.016641452344931,5512,54102,77109,30649,0.17459664142245637,0.16139468008626887,0.0928988326848249,0.1825491873396065,89400,0.052323147760569275,0.08924503742271396,0.0446535500427716,0.04414029084687767,0.046877673224978614,0.12523524379811804,0.17211291702309667,0.1224978614200171,0.15893926432848587,0.09289991445680068,0.1926432848588537
48489,"Willacy County, Texas",590.6130484002242,194.1539053462796,20139,34.09846777776059,18749,0.4821281629294384,6655,10932,9207,34.3,570,569,748,408,397,303,131,644,991,985,941,724,777,493,383,264,279,133,367,301,207,200,117,583,673,731,474,254,62,232,299,586,561,545,614,505,464,439,264,279,176,257,511,380,178,140,0.3983812503103431,0.015244053825909926,0.001588956750583445,0.872784150156413,0.6016187496896569,0.28849245846412985,0.14049460225097618,NA,0,NA,8045,54180,60870,24476,0.23963560986253546,0.18858212447356107,0.07525784880426159,0.17342047930283225,73600,0.05693199789140749,0.23906469381142673,0.15076252723311548,0.1122730573710966,0.1382716049382716,0.170079883805374,0.11067538126361656,0.13681917211328976,0.08641975308641975,0.07044299201161947,0.024255628177196804
48491,"Williamson County, Texas",1115.8469112598204,16.03660210008695,672688,602.8497217781583,614854,0.4775409268202513,296701,335267,337421,37.3,20659,23936,24076,14576,7810,3624,3642,11693,21827,26728,28321,29864,24611,21799,17689,6846,9055,5181,7723,10661,7735,4251,2960,19822,22214,22944,13719,7308,3234,3401,11906,21852,26905,28330,27883,23464,20898,16842,7571,10731,6138,8996,13371,9183,5281,5428,0.596053445282211,0.06970393406750232,0.10019801155959375,0.2474460671217563,0.40394655471778895,0.05856711283407986,0.4842771825968515,NA,0.0026231542724977786,27.88109946396214,354535,111340,134158,53505,0.0643070869799088,0.04427326883073453,0.038647601229453425,0.039296538279953094,447000,0.030052749848408587,0.09835634057700074,0.3942370661427636,0.24898341481244574,0.15234309559708198,0.11089535645207962,0.05675743592086627,0.012537883979835823,0.006484062076422838,0.004915398790758594,0.012846286227745541
48493,"Wilson County, Texas",803.7351342940585,4.6756216631119525,52781,65.66964382658091,43199,0.4500833506980621,14302,26584,26197,40.7,1427,1780,1917,1160,657,343,171,972,1357,1515,1863,1730,1878,1809,1612,886,1138,622,863,1268,878,538,200,1388,1832,1815,1076,561,151,429,784,1279,1537,1992,1631,1633,1811,1897,684,1027,696,823,1309,908,592,342,0.6783691100964362,0.019723006384873346,0.006365927132869782,0.3993293041056441,0.3216308899035638,0.10163004570736274,0.25887989426730545,NA,0.001339809077206498,NA,23884,94565,108511,40323,0.11306662581151732,0.07639424763240968,0.035407383831954166,0.06647843942505134,321300,0.03222436073687105,0.10977293648358392,0.2537987679671458,0.24004106776180698,0.24004106776180698,0.09604722792607803,0.06617043121149897,0.044661190965092405,0.01771047227926078,0.018788501026694045,0.022741273100616015
48495,"Winkler County, Texas",841.2688263420525,0.0076594949474669384,7454,8.860425783766376,9066,0.5487893462469734,5124,3931,3523,35.1,271,248,331,372,40,20,99,120,327,271,252,400,145,138,276,78,113,99,44,132,96,59,0,250,275,299,134,121,5,68,133,178,155,333,244,234,196,148,176,71,82,132,110,99,31,49,0.5061711832573115,0.039441910383686614,0.005500402468473303,0.6247652267239067,0.4938288167426885,0.27292202227934875,0.1062553556126821,NA,0,28.615892139988524,3512,86900,101583,35418,0.1622134816221348,0.08646080760095012,0.035959374142190505,0.14409668422683608,148200,0.031136857349746562,0.1897463718974637,0.10226216299969011,0.027889680818097305,0.04958165478772854,0.07809110629067245,0.19770684846606756,0.28633405639913234,0.15308335915711188,0.10226216299969011,0.0027889680818097306
48497,"Wise County, Texas",904.45404920795,18.10165375283592,75005,82.92848051892022,67690,0.4743684081432426,27771,37887,37118,39.5,2254,2886,2609,1792,878,651,314,1169,2144,2501,2454,2657,2299,2495,2543,1180,1515,810,1254,1458,1173,478,373,2109,2509,2656,1590,796,373,400,1164,2102,2358,2216,2797,2262,2493,2411,1204,1566,937,1210,1569,951,668,777,0.801639890673955,0.016972201853209787,0.007452836477568162,0.21134591027264849,0.19836010932604498,0.13031167043555206,0.22151214236554911,NA,6.270307245055007e-4,NA,35086,93421,105746,38827,0.08890097932535365,0.058679451769242795,0.05308423086083252,0.08699600435888122,304900,0.025900139248060474,0.14934159775886102,0.23516164184525973,0.18815837268434435,0.17947693425354158,0.1432255721031602,0.09981837994914639,0.04656738103886669,0.06037050490374137,0.023065746458409007,0.024155466763530694
48499,"Wood County, Texas",645.2435432133276,50.47526320585269,46961,72.78027109908477,43740,0.4822438561868116,13852,23522,23439,48.5,1026,1269,1332,805,482,191,498,786,1255,1186,1042,1443,1145,1524,1537,974,881,721,1326,1676,1196,712,515,979,1159,1346,836,542,221,302,609,938,1172,1061,1302,1173,1312,1751,683,1245,1064,961,1762,1474,685,862,0.8194246289474244,0.03815932369412917,0.005451331956304167,0.11569174421328336,0.1805753710525756,0.12172479611313552,0.21539707328359073,NA,0.0023428805716628593,NA,17073,60300,81250,35775,0.12503334222459322,0.08901910419007866,0.06263406263406264,0.16598177595140254,216500,0.051038988860325624,0.1709226060341058,0.14047704127211005,0.16227443273182063,0.2063158835090227,0.1549044130784349,0.13386635697695193,0.09071824191531178,0.03823476862604967,0.037118098981597285,0.03609076290870109
48501,"Yoakum County, Texas",799.7150863247243,0.013254501565258217,7571,9.467121640526106,7774,0.5066145324209841,3148,4019,3552,32.3,551,390,317,160,213,76,8,139,201,226,131,180,269,265,249,45,162,104,24,123,107,72,7,217,264,379,204,80,196,0,32,241,233,167,135,309,236,149,105,71,79,83,106,98,79,89,0.4523840972130498,0.0014529124290054154,0.009377889314489499,0.6559239202218994,0.5476159027869503,0.2510932105868815,0.20092059838895282,NA,0,NA,2945,84925,86944,36271,0.16780045351473924,0.12729912875121008,0.06862745098039216,0.13738441215323646,182600,0.03713629402756508,0.22529011604641858,0.06340819022457067,0.1165785997357992,0.15158520475561427,0.09445178335535007,0.22721268163804492,0.0881770145310436,0.17668428005284015,0.0416116248348745,0.040290620871862616
48503,"Young County, Texas",914.4983521159171,16.359870779324073,18029,19.71463366586224,18073,0.5006093845216332,8762,9403,8626,41.6,586,576,705,572,212,174,45,204,696,401,609,495,666,420,678,225,316,169,490,508,316,112,228,378,546,626,157,256,8,38,398,447,511,455,569,626,529,462,363,253,254,256,678,329,280,207,0.816240501414388,0.007876199456431305,0.010760441510899107,0.20478118586721394,0.18375949858561202,0.11491871214536181,0.23987886515779408,NA,0.0020646937370956643,NA,8718,68010,86284,37501,0.16502615445188143,0.13346693386773548,0.035389503670428396,0.10555880631948508,175800,0.06842862750228967,0.18637871885720714,0.09596255119953188,0.06963136337039204,0.08730251609128145,0.1783499122293739,0.17390286717378584,0.12170860152135751,0.15201872440023406,0.037214745465184315,0.08390871854885898
48505,"Zapata County, Texas",998.4123640727292,59.603040631848486,13841,13.86300941180227,13529,0.49430032882718306,4526,6853,6988,32.3,510,628,731,407,256,48,109,272,528,425,478,333,364,314,385,79,102,113,202,154,125,72,218,514,529,686,374,136,117,174,260,403,426,508,371,398,400,350,63,213,131,235,227,195,161,117,0.21125641210895166,0.0014449822989668377,0.006068925655660718,0.9391662452134961,0.7887435878910484,0.3414091470951792,0.15179233621755253,NA,0,23.63327289211242,4838,39239,41504,18613,0.38393253439857966,0.35675182481751827,0.07349329302852825,0.2701838529176659,97100,0.0882803943044907,0.27568959176167707,0.09944044764188649,0.163709032773781,0.28457234212629895,0.17314148681055155,0.11622701838529177,0.06906474820143885,0.08169464428457235,0,0.012150279776179057
48507,"Zavala County, Texas",1297.4071223496017,4.327706151534293,9412,7.25446919310485,8664,0.4793095817658774,2822,4947,4465,30.8,376,300,507,405,189,0,53,146,432,389,320,171,384,178,267,111,38,140,97,210,143,10,81,295,305,424,145,198,21,81,177,290,717,113,54,162,249,374,9,55,6,192,293,76,62,167,0.22088822779430514,0.008393540161495962,0.004993625159371015,0.9261580960475988,0.7791117722056948,0.29654576856649395,0.11088082901554404,NA,0,NA,3570,36749,40579,20265,0.33921128566848346,0.3064580826313678,0.03935599284436494,0.1710593005575266,98800,0.08040354631611128,0.1491848991848992,0.15053218449062342,0.03294475418144957,0.1981753674607197,0.10998479472883933,0.13786112519006588,0.18297009630005068,0.05347187024835276,0.03319817536746072,0.1008616320324379
